CGPA,Branch,Role,Duration,Offer type,Gender,Company,Industry,Stpd,CTC,Details,No. of students placed,Additional Info
8.61,SE,SDE,FTE,Full-time,M,Ebullient Securities,Financial Services,,85,50 lpa fixed,1,
9.76,CO,SDE,6M + PPO,PPO,F,Apple,Technology,90,64,"(90 + 10 housing)K pm
64 lpa",3,
8.2,CO,SDE,6M + PPO,PPO,M,Apple,Technology,90,64,,,
9.61,CO,SDE,6M + PPO,PPO,M,Apple,Technology,90,64,,,Wireless Technology
8.95,CO,SDE,6M + FTE,6M+FTE,M,Zomato,Food Delivery,,56,56 lpa,4,
8.53,CO,SDE,6M + FTE,6M+FTE,M,Zomato,Food Delivery,,56,,,
9.4,CO,SDE,6M + FTE,6M+FTE,M,Zomato,Food Delivery,,56,,,
9.21,IT,SDE,6M + FTE,6M+FTE,M,Zomato,Food Delivery,,56,,,
7.85,CO,Data Science,6M + PPO,PPO,M,Cred,Financial Technology,100,52,,1,
9.25,CO,SDE,PPO,PPO,M,Microsoft,Technology,,51,51 lpa,9,
9.22,CO,SDE,PPO,PPO,M,Microsoft,Technology,,51,,,
9.59,CO,SDE,PPO,PPO,F,Microsoft,Technology,,51,,,
9.56,CO,SDE,PPO,PPO,M,Microsoft,Technology,,51,,,
8.82,CO,SDE,PPO,PPO,M,Microsoft,Technology,,51,,,
8.61,CO,SDE,PPO,PPO,M,Microsoft,Technology,,51,,,
9.14,IT,SDE,PPO,PPO,M,Microsoft,Technology,,51,,,
7.91,IT,SDE,PPO,PPO,M,Microsoft,Technology,,51,,,
6.41,SE,SDE,PPO,PPO,M,Microsoft,Technology,,51,,,
8.92,CO,SDE,PPO,PPO,M,Microsoft,Technology,,48,48 lpa,7,
8.83,CO,SDE,PPO,PPO,M,Microsoft,Technology,,48,,,
8.92,IT,SDE,PPO,PPO,M,Microsoft,Technology,,48,,,
9,SE,SDE,PPO,PPO,M,Microsoft,Technology,,48,,,
9.22,SE,SDE,PPO,PPO,M,Microsoft,Technology,,48,,,
9.24,MCE,SDE,PPO,PPO,M,Microsoft,Technology,,48,,,
8.92,MCE,SDE,PPO,PPO,M,Microsoft,Technology,,48,,,
9.17,CO,SDE,PPO,PPO,M,Adobe,Technology,,47,47 lpa,10,
9.08,CO,SDE,PPO,PPO,M,Adobe,Technology,,47,,,
9.2,CO,SDE,PPO,PPO,M,Adobe,Technology,,47,,,
9.44,CO,SDE,PPO,PPO,M,Adobe,Technology,,47,,,
9.19,CO,SDE,PPO,PPO,M,Adobe,Technology,,47,,,
9.15,CO,SDE,PPO,PPO,M,Adobe,Technology,,47,,,
No data,IT,SDE,PPO,PPO,M,Adobe,Technology,,47,,,
9.54,SE,SDE,PPO,PPO,M,Adobe,Technology,,47,,,
9.07,SE,SDE,PPO,PPO,F,Adobe,Technology,,47,,,
8.91,SE,SDE,PPO,PPO,M,Adobe,Technology,,47,,,
8.4,IT,SDE,6M + FTE,6M+FTE,M,Meesho,E-commerce,100,46,"34 lpa
(20 base + 
20 esops + 
3 joining bonus +
3 retention)",11,Android
8.86,CO,SDE,6M + FTE,6M+FTE,M,Meesho,E-commerce,100,46,,,Backend
9.07,CO,SDE,6M + FTE,6M+FTE,M,Meesho,E-commerce,100,46,,,
9.14,CO,SDE,6M + FTE,6M+FTE,M,Meesho,E-commerce,100,46,,,
9.4,CO,SDE,6M + FTE,6M+FTE,M,Meesho,E-commerce,100,46,,,
9.27,IT,SDE,6M + FTE,6M+FTE,M,Meesho,E-commerce,100,46,,,
8.95,SE,SDE,6M + FTE,6M+FTE,M,Meesho,E-commerce,100,46,,,
8.59,SE,SDE,6M + FTE,6M+FTE,M,Meesho,E-commerce,100,46,,,
8.14,MCE,SDE,6M + FTE,6M+FTE,M,Meesho,E-commerce,100,46,,,
9,MCE,SDE,6M + FTE,6M+FTE,M,Meesho,E-commerce,100,46,,,
8.99,MCE,SDE,6M + FTE,6M+FTE,M,Meesho,E-commerce,100,46,,,
9.21,IT,SDE,PPO,PPO,M,Intuit,Technology,,46,20lpa base,1,
9.17,CO,SDE,FTE,Full-time,M,Intuit,Technology,,45,45 lpa,,
7.95,IT,SDE,FTE,Full-time,M,Intuit,Technology,,45,,,
8.31,CO,SDE,6M + PPO,PPO,M,Amazon,E-commerce,110,45,"1.1L + $400 pm

45 lpa

(26,41,800 first year)",35,
9.2,CO,SDE,6M + PPO,PPO,M,Amazon,E-commerce,110,45,,,
9.41,CO,SDE,6M + PPO,PPO,M,Amazon,E-commerce,110,45,,,
8.77,CO,SDE,6M + PPO,PPO,M,Amazon,E-commerce,110,45,,,
9.81,CO,SDE,6M + PPO,PPO,F,Amazon,E-commerce,110,45,,,
7.71,CO,SDE,6M + PPO,PPO,M,Amazon,E-commerce,110,45,,,
8.42,CO,SDE,6M + PPO,PPO,M,Amazon,E-commerce,110,45,,,
8.16,CO,SDE,6M + PPO,PPO,M,Amazon,E-commerce,110,45,,,
9.39,CO,SDE,6M + PPO,PPO,M,Amazon,E-commerce,110,45,,,
8.65,CO,SDE,6M + PPO,PPO,M,Amazon,E-commerce,110,45,,,
8.91,CO,SDE,6M + PPO,PPO,M,Amazon,E-commerce,110,45,,,
8.81,CO,SDE,6M + PPO,PPO,F,Amazon,E-commerce,110,45,,,
8.22,CO,SDE,6M + PPO,PPO,M,Amazon,E-commerce,110,45,,,
8.69,CO,SDE,6M + PPO,PPO,M,Amazon,E-commerce,110,45,,,
8.99,CO,SDE,6M + PPO,PPO,M,Amazon,E-commerce,110,45,,,
8.24,CO,SDE,6M + PPO,PPO,M,Amazon,E-commerce,110,45,,,
8.5,CO,SDE,6M + PPO,PPO,M,Amazon,E-commerce,110,45,,,
8.81,IT,SDE,6M + PPO,PPO,M,Amazon,E-commerce,110,45,,,
8.71,SE,SDE,6M + PPO,PPO,M,Amazon,E-commerce,110,45,,,
9.19,SE,SDE,6M + PPO,PPO,M,Amazon,E-commerce,110,45,,,
8.37,SE,SDE,6M + PPO,PPO,M,Amazon,E-commerce,110,45,,,
8.57,SE,SDE,6M + PPO,PPO,M,Amazon,E-commerce,110,45,,,
8.87,SE,SDE,6M + PPO,PPO,M,Amazon,E-commerce,110,45,,,
9.19,SE,SDE,6M + PPO,PPO,M,Amazon,E-commerce,110,45,,,
8.91,SE,SDE,6M + PPO,PPO,M,Amazon,E-commerce,110,45,,,
9.29,MCE,SDE,6M + PPO,PPO,M,Amazon,E-commerce,110,45,,,
6.99,ECE,SDE,6M + PPO,PPO,M,Amazon,E-commerce,110,45,,,
8.1,ECE,SDE,6M + PPO,PPO,M,Amazon,E-commerce,110,45,,,
9.02,ECE,SDE,6M + PPO,PPO,M,Amazon,E-commerce,110,45,,,
8.96,ECE,SDE,6M + PPO,PPO,M,Amazon,E-commerce,110,45,,,
8.81,ECE,SDE,6M + PPO,PPO,M,Amazon,E-commerce,110,45,,,
8.68,EE,SDE,6M + PPO,PPO,M,Amazon,E-commerce,110,45,,,
9.52,EE,SDE,6M + PPO,PPO,M,Amazon,E-commerce,110,45,,,
8.58,EE,SDE,6M + PPO,PPO,M,Amazon,E-commerce,110,45,,,
9.66,EE,SDE,6M + PPO,PPO,M,Amazon,E-commerce,110,45,,,
No data,ECE,Application Engineer,FTE,Full-time,M,Google Silicon,Technology,,44,44 lpa,1,
8.73,CO,SDE,PPO,PPO,M,Fast Retailing (UNIQLO),Retail,,42,42 lpa,4,
8.37,SE,SDE,PPO,PPO,M,Fast Retailing (UNIQLO),Retail,,42,,,
9.55,CO,SDE,PPO,PPO,M,Uber,Transportation,,38.44,38.44 lpa,1,
9.06,CO,Embedded,PPO,PPO,M,Texas Instruments,Semiconductors,,38,38 lpa,9,Field Applications Engineer
No data,ECE,Digital,PPO,PPO,M,Texas Instruments,Semiconductors,,38,,,
9.52,EE,Analog,PPO,PPO,M,Texas Instruments,Semiconductors,,38,,,
9.33,CO,Embedded,FTE,Full-time,M,Texas Instruments,Semiconductors,,38,,,
8.46,ECE,Digital,FTE,Full-time,M,Texas Instruments,Semiconductors,,38,,,
9.4,EE,Digital,FTE,Full-time,M,Texas Instruments,Semiconductors,,38,,,
9.7,EE,Application Engineer,FTE,Full-time,M,Texas Instruments,Semiconductors,,38,,,
9.56,EE,Analog,FTE,Full-time,M,Texas Instruments,Semiconductors,,38,,,
8.83,ECE,Markets,6M + FTE,6M+FTE,M,Texas Instruments,Semiconductors,,38,,,Product Marketing Engineer
9.04,CO,SDE,FTE,Full-time,M,Google,Technology,,37,37 lpa,4,
9.18,IT,SDE,FTE,Full-time,F,Google,Technology,,37,,,
8.85,IT,SDE,FTE,Full-time,M,Google,Technology,,37,,,
8.54,SE,SDE,FTE,Full-time,M,Google,Technology,,37,,,
9.48,CO,SDE,PPO,PPO,F,Google,Technology,,37,,5,
8.88,CO,SDE,PPO,PPO,M,Google,Technology,,37,,,
9.34,CO,SDE,PPO,PPO,M,Google,Technology,,37,,,
9.27,IT,SDE,PPO,PPO,M,Google,Technology,,37,,,
9.33,IT,SDE,PPO,PPO,F,Google,Technology,,37,,,
9.22,CO,SDE,6M + PPO,PPO,M,UnifyApps,Technology,50,35,"50K pm
20lpa / 50lpa
(based on role)",4,
9.58,CO,SDE,6M + PPO,PPO,M,UnifyApps,Technology,50,35,,,
9.24,IT,SDE,6M + PPO,PPO,M,UnifyApps,Technology,50,35,,,
8.59,SE,SDE,6M + PPO,PPO,M,UnifyApps,Technology,50,35,,,
8.31,MCE,SDE,6M + PPO,PPO,M,DailyObjects,Consumer Goods,35,35,"25K (fixed) + 10K (variable)
8-15 lpa",2,
8.85,CO,SDE,6M + PPO,PPO,M,Patronus,Consumer Electronics,100,34.5,"1L pm
32-37 lpa",2,"Accenture PPO rejected
Off campus offer"
8.92,MCE,SDE,6M + PPO,PPO,M,Patronus,Consumer Electronics,100,34.5,,,
9.59,ECE,Application Engineer,6M + FTE,6M+FTE,M,Ansys,Semiconductors,,33,33 lpa,2,
8.24,ECE,Application Engineer,6M + FTE,6M+FTE,M,Ansys,Semiconductors,,33,,,
8.83,CO,SDE,FTE,Full-time,M,Analog Devices,Gaming,,33,33 lpa (17 base),1,Data Engineer
8.97,CO,SDE,6M + FTE,6M+FTE,M,GamesKraft,Travel,75,32,"75K pm
32 lpa",6,
No data,CO,SDE,6M + FTE,6M+FTE,M,GamesKraft,Travel,75,32,,,
9.41,MCE,SDE,6M + FTE,6M+FTE,M,GamesKraft,Travel,75,32,,,
8.71,MCE,SDE,6M + FTE,6M+FTE,M,GamesKraft,Travel,75,32,,,
8.74,ECE,SDE,6M + FTE,6M+FTE,M,GamesKraft,Travel,75,32,,,
8.8,EE,SDE,6M + FTE,6M+FTE,M,GamesKraft,Travel,75,32,,,
9.01,CO,SDE,PPO,PPO,M,Expedia,Data Analytics,,31,"14.5 lpa
+
$15,000 (esops)
+
$5000 ( relocation - based on eligibility)",9,
8.62,CO,SDE,PPO,PPO,M,Expedia,Data Analytics,,31,,,
9.4,CO,SDE,PPO,PPO,M,Expedia,Data Analytics,,31,,,
8.84,CO,SDE,PPO,PPO,M,Expedia,Data Analytics,,31,,,
8.18,CO,SDE,PPO,PPO,M,Expedia,Data Analytics,,31,,,
8.5,IT,SDE,PPO,PPO,M,Expedia,Data Analytics,,31,,,
9.03,IT,SDE,PPO,PPO,M,Expedia,Data Analytics,,31,,,
8.85,ECE,SDE,PPO,PPO,M,Expedia,Data Analytics,,31,,,
9.21,EE,SDE,PPO,PPO,M,Expedia,Data Analytics,,31,,,
7.4,CO,Data Science,FTE,Full-time,M,Fractal,Consulting,,31,"3 yr CTC: 31 L

Year 1: 7.5L + 2L joining

Year 2: 8.25L

Year 3: 9.25L + 4L retention",10,"Year 1: 2L joining bonus (18 month claw-back)

Year 3: 4L retention bonus (2 yr claw-back)"
7.16,CO,Data Science,FTE,Full-time,M,Fractal,Consulting,,31,,,
8.06,ECE,Data Science,FTE,Full-time,M,Fractal,Consulting,,31,,,
7.86,ECE,Data Science,FTE,Full-time,M,Fractal,Consulting,,31,,,
6.87,EE,Data Science,FTE,Full-time,M,Fractal,Consulting,,31,,,
7.89,EE,Data Science,FTE,Full-time,M,Fractal,Consulting,,31,,,
8.3,ME,Data Science,FTE,Full-time,M,Fractal,Consulting,,31,,,
7.91,EP,Data Science,FTE,Full-time,M,Fractal,Consulting,,31,,,
8.01,EN,Data Science,FTE,Full-time,M,Fractal,Consulting,,31,,,
8.12,BT,Data Science,FTE,Full-time,M,Fractal,Consulting,,31,,,
8.07,CO,SDE,PPO,PPO,M,Goldman Sachs,Financial Services,162.5,30,30 lpa,2,
8.54,MCE,SDE,PPO,PPO,M,Goldman Sachs,Financial Services,,30,,,
8.29,CO,SDE,PPO,PPO,M,Sprinklr,SaaS,,30,30 lpa,1,
9.43,CO,SDE,PPO,PPO,M,"Samsung R&D India - Bangalore
(SRIB)",Consumer Electronics,,30,20/40 lpa,4,
8.69,CO,SDE,PPO,PPO,M,"Samsung R&D India - Bangalore
(SRIB)",Consumer Electronics,,30,,,
8.89,SE,SDE,PPO,PPO,M,"Samsung R&D India - Bangalore
(SRIB)",Consumer Electronics,,30,,,
9.26,SE,SDE,PPO,PPO,M,"Samsung R&D India - Bangalore
(SRIB)",Consumer Electronics,,30,,,
9.89,CO,SDE,PPO,PPO,F,Morgan Stanley,Financial Services,,29,29 lpa,4,
9.18,CO,SDE,PPO,PPO,M,Morgan Stanley,Financial Services,,29,,,
7.76,CO,SDE,PPO,PPO,M,Morgan Stanley,Financial Services,,29,,,
8.41,CO,SDE,PPO,PPO,M,Morgan Stanley,Financial Services,,29,,,
8.35,ECE,Embedded,6M + PPO,PPO,M,Nvidia,Semiconductors,80,28.99,"80K pm
28.99 lpa",2,Hardware Role
8.66,ECE,Embedded,6M + PPO,PPO,M,Nvidia,Semiconductors,80,28.99,,,
9,CO,Markets,6M + PPO,PPO,F,Nvidia,Semiconductors,150,28,"1.5L pm + 1L relocation
 28 lpa",2,CCAR & Sales
6.98,MCE,Markets,6M + PPO,PPO,F,Nvidia,Semiconductors,150,28,,,
8.33,CO,Markets,6M + PPO,PPO,F,Nvidia,Semiconductors,175,28,"1.75l pm + 1L relocation
 28 lpa",3,(Quant) Trading & Structuring
9.3,IT,Markets,6M + PPO,PPO,M,Nvidia,Semiconductors,175,28,,,
8.69,EE,Markets,6M + PPO,PPO,M,Nvidia,Semiconductors,175,28,,,
9.07,CO,SDE,6M + PPO,PPO,M,Myntra,E-commerce,60,28,"60K pm
28 lpa",8,
9.1,CO,SDE,6M + PPO,PPO,M,Myntra,E-commerce,60,28,,,
8.63,CO,SDE,6M + PPO,PPO,M,Myntra,E-commerce,60,28,,,
8.69,CO,SDE,6M + PPO,PPO,M,Myntra,E-commerce,60,28,,,
No data,CO,SDE,6M + PPO,PPO,M,Myntra,E-commerce,60,28,,,
9.18,CO,SDE,6M + PPO,PPO,M,Myntra,E-commerce,60,28,,,
8.8,CO,SDE,6M + PPO,PPO,M,Myntra,E-commerce,60,28,,,
9.05,IT,SDE,6M + PPO,PPO,M,Myntra,E-commerce,60,28,,,
9.4,CO,SDE,PPO,PPO,M,WinZo Games,Gaming,,27,27 lpa,1,
8.62,CO,SDE,FTE,Full-time,M,Urban Company,Home Services,,27,27 lpa,6,
8.55,CO,SDE,FTE,Full-time,F,Urban Company,Home Services,,27,,,
9.06,CO,SDE,FTE,Full-time,M,Urban Company,Home Services,,27,,,
9.03,IT,SDE,FTE,Full-time,M,Urban Company,Home Services,,27,,,
9.33,IT,SDE,FTE,Full-time,F,Urban Company,Home Services,,27,,,
9.07,SE,SDE,FTE,Full-time,F,Urban Company,Home Services,,27,,,
8.6,CO,SDE,6M + PPO,PPO,M,ArmorCode,Cybersecurity,45,25.5,"30K stipend + 10K relocation + 5K food
25.5 lpa",3,Relocation & Food allowance only if student is NOT from Gurgaon
9.3,SE,SDE,6M + PPO,PPO,M,ArmorCode,Cybersecurity,45,25.5,,,
8.19,ECE,SDE,6M + PPO,PPO,M,ArmorCode,Cybersecurity,45,25.5,,,
9,IT,SDE,PPO,PPO,M,Cisco,Technology,,24.7,24.7 lpa,1,
9.34,IT,SDE,6M + PPO,PPO,M,Code with Cisco,Technology,98,24.7,"98K pm
24.7 lpa",3,
8.91,IT,SDE,6M + PPO,PPO,M,Code with Cisco,Technology,98,24.7,,,
8.54,SE,SDE,6M + PPO,PPO,M,Code with Cisco,Technology,98,24.7,,,
9.15,IT,Software,6M + FTE,6M+FTE,M,Siemens EDA,Semiconductors,50,24,"50K pm

24 lpa",1,
8.67,ECE,Digital,6M + FTE,6M+FTE,M,Siemens EDA,Semiconductors,50,24,,2,
8.99,EE,Digital,6M + FTE,6M+FTE,M,Siemens EDA,Semiconductors,50,24,,,
8.49,CO,,6M + PPO,PPO,M,Siemens EDA,Semiconductors,50,24,,8,
8.92,CO,,6M + PPO,PPO,M,Siemens EDA,Semiconductors,50,24,,,
9.07,CO,,6M + PPO,PPO,M,Siemens EDA,Semiconductors,50,24,,,
8.53,SE,,6M + PPO,PPO,M,Siemens EDA,Semiconductors,50,24,,,
9.04,MCE,,6M + PPO,PPO,M,Siemens EDA,Semiconductors,50,24,,,
8.3,ECE,,6M + PPO,PPO,M,Siemens EDA,Semiconductors,50,24,,,
8.03,ECE,,6M + PPO,PPO,M,Siemens EDA,Semiconductors,50,24,,,
8.8,ECE,,6M + PPO,PPO,M,Siemens EDA,Semiconductors,50,24,,,
8.83,CO,Software,6M + PPO,PPO,M,Renesas,Semiconductors,45,23.1,"45K pm

23.1 lpa",6,
9.27,ECE,Software,6M + PPO,PPO,M,Renesas,Semiconductors,45,23.1,,,
8.8,ECE,Digital,6M + PPO,PPO,M,Renesas,Semiconductors,45,23.1,,,
8.09,ECE,Digital,6M + FTE,6M+FTE,M,Renesas,Semiconductors,45,23.1,,,
8.82,EE,Digital,6M + PPO,PPO,M,Renesas,Semiconductors,45,23.1,,,
9.39,EE,Digital,6M + FTE,6M+FTE,M,Renesas,Semiconductors,45,23.1,,,
8.3,ECE,Core,FTE,Full-time,M,NXP Semiconductors,Travel,,23,23 lpa,1,
8.97,CO,SDE,FTE,Full-time,M,NXP Semiconductors,Travel,,22.6,22.6 lpa,5,
8.92,CO,SDE,FTE,Full-time,M,NXP Semiconductors,Travel,,22.6,,,
9.12,CO,SDE,FTE,Full-time,M,NXP Semiconductors,Travel,,22.6,,,
8.92,IT,SDE,FTE,Full-time,M,NXP Semiconductors,Travel,,22.6,,,
9.22,SE,SDE,FTE,Full-time,M,NXP Semiconductors,Travel,,22.6,,,
9.46,CO,SDE,6M + PPO,PPO,F,MakeMyTrip,Travel,50,22,"50K pm
22 lpa",10,
8.7,CO,SDE,6M + PPO,PPO,M,MakeMyTrip,Travel,50,22,,,
7.29,CO,SDE,6M + PPO,PPO,M,MakeMyTrip,Travel,50,22,,,
8.55,CO,SDE,6M + PPO,PPO,M,MakeMyTrip,Travel,50,22,,,
8.38,CO,SDE,6M + PPO,PPO,M,MakeMyTrip,Travel,50,22,,,
9.34,CO,SDE,6M + PPO,PPO,M,MakeMyTrip,Travel,50,22,,,
No data,CO,SDE,6M + PPO,PPO,M,MakeMyTrip,Travel,50,22,,,
8.71,CO,SDE,6M + PPO,PPO,M,MakeMyTrip,Travel,50,22,,,
8.4,IT,SDE,6M + PPO,PPO,M,MakeMyTrip,Travel,50,22,,,
9.24,IT,SDE,6M + PPO,PPO,M,MakeMyTrip,Travel,50,22,,,
9.45,CO,SDE,6M + FTE,6M+FTE,M,IXIGO,Education Technology,,22,15+7 lpa,4,
8.39,SE,SDE,6M + FTE,6M+FTE,M,IXIGO,Education Technology,,22,,,
8.38,MCE,SDE,6M + FTE,6M+FTE,M,IXIGO,Education Technology,,22,,,
8.45,MCE,SDE,6M + FTE,6M+FTE,M,IXIGO,Education Technology,,22,,,
6.82,CO,Analyst,6M + PPO,PPO,M,AlgoUniversity,Human Capital Management,30,22,10 - 22 lpa,1,
9.32,CO,SDE,6M + PPO,PPO,M,United Kronos Group (UKG),Financial Services,50,21.6,"15.1 - 21.6 lpa
(performance based)",2,
8.34,ECE,SDE,6M + PPO,PPO,F,United Kronos Group (UKG),Financial Services,50,21.6,,,
8.66,MCE,Analyst,6M + FTE,6M+FTE,M,United Kronos Group (UKG),Financial Services,,21,21 lpa,2,Product Analyst
9.07,ECE,Analyst,6M + FTE,6M+FTE,M,United Kronos Group (UKG),Financial Services,,21,,,
8.64,CO,Analyst,6M + FTE,6M+FTE,M,United Kronos Group (UKG),Financial Services,70,21,"21 lpa
(13 lpa base)",5,Business Analyst
8.34,IT,Analyst,6M + FTE,6M+FTE,M,United Kronos Group (UKG),Financial Services,70,21,,,
9.13,EE,Analyst,6M + FTE,6M+FTE,M,United Kronos Group (UKG),Financial Services,70,21,,,
8.86,EP,Analyst,6M + FTE,6M+FTE,M,United Kronos Group (UKG),Financial Services,70,21,,,
8.79,CH,Analyst,6M + FTE,6M+FTE,M,United Kronos Group (UKG),Financial Services,70,21,,,
8.3,CO,SDE,PPO,PPO,M,BNY Mellon,Financial Services,,21,21 lpa,5,
9.19,CO,SDE,PPO,PPO,M,BNY Mellon,Financial Services,,21,,,
8.81,IT,SDE,PPO,PPO,M,BNY Mellon,Financial Services,,21,,,
9.47,SE,SDE,PPO,PPO,M,BNY Mellon,Financial Services,,21,,,
No data,EE,SDE,PPO,PPO,M,BNY Mellon,Financial Services,,21,,,
8.56,CO,Analyst,6M + PPO,PPO,M,JPMC,Oil & Gas,75,20.85,"75K pm + 1L relocation
 
20.85 lpa ",12,Banking Analyst
8.83,CO,Analyst,6M + PPO,PPO,F,JPMC,Oil & Gas,75,20.85,,,
8.36,ME,Analyst,6M + PPO,PPO,M,JPMC,Oil & Gas,75,20.85,,,
8.54,ME,Analyst,6M + PPO,PPO,M,JPMC,Oil & Gas,75,20.85,,,
9.25,ME,Analyst,6M + PPO,PPO,M,JPMC,Oil & Gas,75,20.85,,,
9.39,ME,Analyst,6M + PPO,PPO,M,JPMC,Oil & Gas,75,20.85,,,
7.28,ME,Analyst,6M + PPO,PPO,M,JPMC,Oil & Gas,75,20.85,,,
8.73,ME,Analyst,6M + PPO,PPO,F,JPMC,Oil & Gas,75,20.85,,,
7.94,ECE,Analyst,6M + PPO,PPO,M,JPMC,Oil & Gas,75,20.85,,,
8.63,EP,Analyst,6M + PPO,PPO,M,JPMC,Oil & Gas,75,20.85,,,
9.04,EN,Analyst,6M + PPO,PPO,M,JPMC,Oil & Gas,75,20.85,,,
8.8,PE,Analyst,6M + PPO,PPO,M,JPMC,Oil & Gas,75,20.85,,,
8.91,MCE,Analyst,6M + PPO,PPO,F,JPMC,Oil & Gas,75,20.85,,2,Banking Analyst - Fintech Solutions
8.71,ECE,Analyst,6M + PPO,PPO,F,JPMC,Oil & Gas,75,20.85,,,
8.11,CO,SDE,6M + FTE,6M+FTE,M,Fluid Analytics,Travel,40,20.15,"15.5 + 30% bonus
12 + 30% bonus",2,
8.23,CO,,FTE,Full-time,M,"Bharat Petroleum Corporation Limited
(BPCL)",Industrial,,20.1,20.1 lpa,11,"We will be recruiting for marketing and refinery roles. The candidates will be hired as Management Trainees in Job Group A1. After their probation period we will give them roles like Inspection Engineer, Process Engineer, Operations Officer, Engineering Officer & Sales Officer"
8.52,CO,,FTE,Full-time,M,"Bharat Petroleum Corporation Limited
(BPCL)",Industrial,,20.1,,,
9.03,CO,,FTE,Full-time,M,"Bharat Petroleum Corporation Limited
(BPCL)",Industrial,,20.1,,,
8.68,CO,,FTE,Full-time,M,"Bharat Petroleum Corporation Limited
(BPCL)",Industrial,,20.1,,,
7.65,CO,,FTE,Full-time,M,"Bharat Petroleum Corporation Limited
(BPCL)",Industrial,,20.1,,,
8.31,EE,,FTE,Full-time,M,"Bharat Petroleum Corporation Limited
(BPCL)",Industrial,,20.1,,,
7.32,EE,,FTE,Full-time,M,"Bharat Petroleum Corporation Limited
(BPCL)",Industrial,,20.1,,,
8.22,ME,,FTE,Full-time,M,"Bharat Petroleum Corporation Limited
(BPCL)",Industrial,,20.1,,,
8.82,ME,,FTE,Full-time,M,"Bharat Petroleum Corporation Limited
(BPCL)",Industrial,,20.1,,,
9.12,ME,,FTE,Full-time,M,"Bharat Petroleum Corporation Limited
(BPCL)",Industrial,,20.1,,,
No data,ME,,FTE,Full-time,M,"Bharat Petroleum Corporation Limited
(BPCL)",Industrial,,20.1,,,
9.55,IT,SDE,FTE,Full-time,M,TBO,Logistics,,20,20 lpa,3,
9.21,IT,SDE,FTE,Full-time,M,TBO,Logistics,,20,,,
9.22,SE,SDE,FTE,Full-time,M,TBO,Logistics,,20,,,
9.5,CO,SDE,PPO,PPO,M,Fastenel,Retail,,20,20 lpa,1,
8.6,CO,SDE,6M + PPO,PPO,M,Shipsy,Food Production,50,20,"50K pm
20 lpa

12 lpa (fixed) + 2 lpa (variable) + 2 lpa (paid at end of each for 3 years (retention bonus))",6,
9.39,CO,SDE,6M + PPO,PPO,F,Shipsy,Food Production,50,20,,,
9.19,CO,SDE,6M + PPO,PPO,M,Shipsy,Food Production,50,20,,,
9.4,IT,SDE,6M + PPO,PPO,M,Shipsy,Food Production,50,20,,,
9.24,MCE,SDE,6M + PPO,PPO,M,Shipsy,Food Production,50,20,,,
8.73,ECE,SDE,6M + PPO,PPO,M,Shipsy,Food Production,50,20,,,
9.26,IT,Analyst,6M + PPO,PPO,M,Shipsy,Food Production,50,20,,2,Product Analyst
9.18,EP,Analyst,6M + PPO,PPO,M,Shipsy,Food Production,50,20,,,
8.59,CO,SDE,6M + PPO,PPO,M,MagicPin,Semiconductors,45,20,"45K pm
20 lpa",6,
8.36,IT,SDE,6M + PPO,PPO,M,MagicPin,Semiconductors,45,20,,,
8.72,IT,SDE,6M + PPO,PPO,M,MagicPin,Semiconductors,45,20,,,
9.09,SE,SDE,6M + PPO,PPO,M,MagicPin,Semiconductors,45,20,,,
8.23,SE,SDE,6M + PPO,PPO,M,MagicPin,Semiconductors,45,20,,,
8.92,SE,SDE,6M + PPO,PPO,M,MagicPin,Semiconductors,45,20,,,
8.1,CO,SDE,6M + PPO,PPO,M,McCain,Financial Technology,,20,20 lpa,12,
8.79,CO,SDE,6M + PPO,PPO,M,McCain,Financial Technology,,20,,,
9.34,CO,SDE,6M + PPO,PPO,M,McCain,Financial Technology,,20,,,
8.77,CO,SDE,6M + PPO,PPO,F,McCain,Financial Technology,,20,,,
8.86,CO,SDE,6M + PPO,PPO,M,McCain,Financial Technology,,20,,,
8.9,CO,SDE,6M + PPO,PPO,F,McCain,Financial Technology,,20,,,
8.24,CO,SDE,6M + PPO,PPO,F,McCain,Financial Technology,,20,,,
8.81,IT,SDE,6M + PPO,PPO,F,McCain,Financial Technology,,20,,,
8.42,IT,SDE,6M + PPO,PPO,M,McCain,Financial Technology,,20,,,
9.22,SE,SDE,6M + PPO,PPO,M,McCain,Financial Technology,,20,,,
8.82,SE,SDE,6M + PPO,PPO,M,McCain,Financial Technology,,20,,,
8.3,SE,SDE,6M + PPO,PPO,M,McCain,Financial Technology,,20,,,
8.33,ECE,Core,6M + FTE,6M+FTE,M,Synopsys,IT Services,40,20,"40K pm
20 lpa",4,ASIC Digital Design
8.11,EE,Core,6M + FTE,6M+FTE,M,Synopsys,IT Services,40,20,,,
8.18,EE,Core,6M + FTE,6M+FTE,M,Synopsys,IT Services,40,20,,,
8.77,EE,Core,6M + FTE,6M+FTE,M,Synopsys,IT Services,40,20,,,Memory
8.17,CO,SDE,6M + PPO,PPO,M,ClearTax,Technology,,20,20 lpa,5,
8.22,CO,SDE,6M + PPO,PPO,M,ClearTax,Technology,,20,,,
8.71,ECE,SDE,6M + PPO,PPO,M,ClearTax,Technology,,20,,,
8.29,ECE,SDE,6M + PPO,PPO,M,ClearTax,Technology,,20,,,
8.55,EE,SDE,6M + PPO,PPO,M,ClearTax,Technology,,20,,,
8.41,CO,SDE,FTE,Full-time,M,HCL Tech,Financial Services,,20,18 + 2 lpa,5,
8.26,CO,SDE,FTE,Full-time,M,HCL Tech,Financial Services,,20,,,
8.63,CO,SDE,FTE,Full-time,M,HCL Tech,Financial Services,,20,,,
8.72,IT,SDE,FTE,Full-time,F,HCL Tech,Financial Services,,20,,,
7.95,MCE,SDE,FTE,Full-time,M,HCL Tech,Financial Services,,20,,,
No data,CO,SDE,6M + PPO,PPO,M,Nykaa,Cybersecurity,60,20,"20 lpa
(18 + 2)",2,Backend Software Engineer
8.04,IT,SDE,6M + PPO,PPO,M,Nykaa,Cybersecurity,60,20,,,
No data,IT,SDE,FTE,Full-time,M,JPMC Code for Good,Healthcare,,19.75,19.75 lpa,3,
9.18,IT,SDE,FTE,Full-time,F,JPMC Code for Good,Healthcare,,19.75,,,
8.86,MCE,SDE,FTE,Full-time,M,JPMC Code for Good,Healthcare,,19.75,,,
8.6,CO,SDE,FTE,Full-time,M,AlgoSec,Technology,,18.5,"18.5 lpa
(fixed)",5,"Development Engineer
(Automation)"
8.69,IT,SDE,FTE,Full-time,M,AlgoSec,Technology,,18.5,,,
9.09,SE,SDE,FTE,Full-time,M,AlgoSec,Technology,,18.5,,,
8.9,SE,SDE,FTE,Full-time,M,AlgoSec,Technology,,18.5,,,
8.88,MCE,SDE,FTE,Full-time,M,AlgoSec,Technology,,18.5,,,
9.38,CO,SDE,FTE,Full-time,F,Optum,Consulting,,18.5,"18.5 lpa

(15.5 lpa base)",12,
9.26,CO,SDE,FTE,Full-time,M,Optum,Consulting,,18.5,,,
8.58,CO,SDE,FTE,Full-time,M,Optum,Consulting,,18.5,,,
9.43,CO,SDE,FTE,Full-time,F,Optum,Consulting,,18.5,,,
8.56,CO,SDE,FTE,Full-time,F,Optum,Consulting,,18.5,,,
9.56,CO,SDE,FTE,Full-time,F,Optum,Consulting,,18.5,,,
8.73,CO,SDE,FTE,Full-time,M,Optum,Consulting,,18.5,,,
8.64,CO,SDE,FTE,Full-time,M,Optum,Consulting,,18.5,,,
8.61,SE,SDE,FTE,Full-time,M,Optum,Consulting,,18.5,,,
8.48,SE,SDE,FTE,Full-time,M,Optum,Consulting,,18.5,,,
7.11,MCE,SDE,FTE,Full-time,F,Optum,Consulting,,18.5,,,
8.96,ECE,SDE,FTE,Full-time,M,Optum,Consulting,,18.5,,,
9.01,CO,SDE,FTE,Full-time,M,Barco,Financial Services,,18,18 lpa,2,
9.19,CO,SDE,FTE,Full-time,M,Barco,Financial Services,,18,,,
8.28,CO,SDE,FTE,Full-time,M,GEP,Telecommunications,,18,18 lpa,5,
7.52,CO,SDE,FTE,Full-time,M,GEP,Telecommunications,,18,,,
8.49,CO,SDE,FTE,Full-time,M,GEP,Telecommunications,,18,,,
8.31,IT,SDE,FTE,Full-time,M,GEP,Telecommunications,,18,,,
7.96,MCE,SDE,FTE,Full-time,M,GEP,Telecommunications,,18,,,
8.54,MCE,SDE,6M + PPO,PPO,M,Moody's,Pharmaceuticals,26,18,"26K pm
12 - 18 lpa",2,
9.32,EP,SDE,6M + PPO,PPO,M,Moody's,Pharmaceuticals,26,18,,,
No data,CO,SDE,6M + FTE,6M+FTE,M,Trinity Life Sciences,Healthcare,75,17.4,13.35 fixed + 3 joining bonus + 10% bonus,1,5M + FTE
9.48,CO,SDE,FTE,Full-time,F,ION Group,Healthcare,,17.3,17.3 lpa,5,
8.96,IT,SDE,FTE,Full-time,M,ION Group,Healthcare,,17.3,,,
8.31,IT,SDE,FTE,Full-time,M,ION Group,Healthcare,,17.3,,,
8.81,MCE,SDE,FTE,Full-time,M,ION Group,Healthcare,,17.3,,,
8.94,MCE,SDE,FTE,Full-time,M,ION Group,Healthcare,,17.3,,,
7.61,MCE,Analyst,FTE,Full-time,F,ION Group,Healthcare,,17.3,,3,Technical Analyst
9.03,MCE,Analyst,FTE,Full-time,F,ION Group,Healthcare,,17.3,,,
8.03,ECE,Analyst,FTE,Full-time,M,ION Group,Healthcare,,17.3,,,
8.44,CO,SDE,6M + FTE,6M+FTE,M,BT Group,Healthcare,60,17,13 + 1.5 bonus + 2.5 retention,2,
8.81,IT,SDE,6M + FTE,6M+FTE,M,BT Group,Healthcare,60,17,,,
7.93,CO,SDE,FTE,Full-time,M,BT Group,Healthcare,,17,17 lpa,3,Junior Analyst Developer
8.58,IT,SDE,FTE,Full-time,M,BT Group,Healthcare,,17,,,
8.19,IT,SDE,FTE,Full-time,M,BT Group,Healthcare,,17,,,
8.69,CO,Analyst,PPO,PPO,M,Moody's,Pharmaceuticals,,16.5,16.5 lpa,1,
8.37,CO,SDE,FTE,Full-time,M,ICICI Bank,Healthcare,,16.5,16.5 lpa,7,
7.74,CO,SDE,FTE,Full-time,M,ICICI Bank,Healthcare,,16.5,,,
8.35,IT,SDE,FTE,Full-time,M,ICICI Bank,Healthcare,,16.5,,,
6.62,IT,SDE,FTE,Full-time,M,ICICI Bank,Healthcare,,16.5,,,
8.08,SE,SDE,FTE,Full-time,M,ICICI Bank,Healthcare,,16.5,,,
7.92,SE,SDE,FTE,Full-time,M,ICICI Bank,Healthcare,,16.5,,,
7.26,EE,SDE,FTE,Full-time,M,ICICI Bank,Healthcare,,16.5,,,
8,SE,Data Science,FTE,Full-time,M,ProcDNA,Pharmaceuticals,,16.1,16.1 lpa,1,Data Science Associate
No data,EP,Analyst,FTE,Full-time,M,ProcDNA,Pharmaceuticals,,16.1,,3,Business Analyst
8.14,CE,Analyst,FTE,Full-time,M,ProcDNA,Pharmaceuticals,,16.1,,,
6.75,PE,Analyst,FTE,Full-time,M,ProcDNA,Pharmaceuticals,,16.1,,,
8.31,MCE,Analyst,6M + FTE,6M+FTE,M,PhonePe,E-commerce,40,16,"40K pm
16 lpa",4,Graduate Trainee Analyst
8.9,ME,Analyst,6M + FTE,6M+FTE,F,PhonePe,E-commerce,40,16,,,
No data,CE,Analyst,6M + FTE,6M+FTE,F,PhonePe,E-commerce,40,16,,,
9.17,CH,Analyst,6M + FTE,6M+FTE,M,PhonePe,E-commerce,40,16,,,
9.02,IT,SDE,6M + PPO,PPO,M,Tata 1mg,Software,30,16,"30K pm
16 lpa",2,
8.88,IT,SDE,6M + PPO,PPO,M,Tata 1mg,Software,30,16,,,
7.69,CO,SDE,FTE,Full-time,M,Nucleus Software,Consumer Electronics,,16,16 lpa,1,
8.25,CO,SDE,6M + FTE,6M+FTE,M,Nucleus Software,Consumer Electronics,35,15.6,,,
8.3,CO,SDE,FTE,Full-time,M,"Samsung Research India - Delhi

(SRID)",Consumer Electronics,,15.5,"50K pm

15.5 lpa",20,
8.93,CO,SDE,FTE,Full-time,M,"Samsung Research India - Delhi

(SRID)",Consumer Electronics,,15.5,,,
8.82,CO,SDE,FTE,Full-time,M,"Samsung Research India - Delhi

(SRID)",Consumer Electronics,50,15.5,,,
8.44,CO,SDE,FTE,Full-time,M,"Samsung Research India - Delhi

(SRID)",Consumer Electronics,50,15.5,,,
8.05,CO,SDE,FTE,Full-time,M,"Samsung Research India - Delhi

(SRID)",Consumer Electronics,,15.5,,,
8.24,CO,SDE,FTE,Full-time,M,"Samsung Research India - Delhi

(SRID)",Consumer Electronics,,15.5,,,
8.68,CO,SDE,FTE,Full-time,M,"Samsung Research India - Delhi

(SRID)",Consumer Electronics,,15.5,,,
8.19,CO,SDE,6M + PPO,PPO,M,"Samsung Research India - Delhi

(SRID)",Consumer Electronics,50,15.5,,,
8.3,CO,SDE,FTE,Full-time,M,"Samsung Research India - Delhi

(SRID)",Consumer Electronics,,15.5,,,
8.46,CO,SDE,FTE,Full-time,M,"Samsung Research India - Delhi

(SRID)",Consumer Electronics,50,15.5,,,
8.46,CO,SDE,FTE,Full-time,M,"Samsung Research India - Delhi

(SRID)",Consumer Electronics,50,15.5,,,
8.65,CO,SDE,6M + PPO,PPO,M,"Samsung Research India - Delhi

(SRID)",Consumer Electronics,50,15.5,,,
8.68,CO,SDE,FTE,Full-time,M,"Samsung Research India - Delhi

(SRID)",Consumer Electronics,50,15.5,,,
8.48,CO,SDE,FTE,Full-time,M,"Samsung Research India - Delhi

(SRID)",Consumer Electronics,,15.5,,,
8.24,CO,SDE,FTE,Full-time,M,"Samsung Research India - Delhi

(SRID)",Consumer Electronics,,15.5,,,
8.71,SE,SDE,FTE,Full-time,M,"Samsung Research India - Delhi

(SRID)",Consumer Electronics,,15.5,,,
8.99,SE,SDE,FTE,Full-time,M,"Samsung Research India - Delhi

(SRID)",Consumer Electronics,50,15.5,,,
9.46,MCE,SDE,6M + PPO,PPO,M,"Samsung Research India - Delhi

(SRID)",Consumer Electronics,50,15.5,,,
8.59,MCE,SDE,6M + PPO,PPO,M,"Samsung Research India - Delhi

(SRID)",Consumer Electronics,50,15.5,,,
8.74,ECE,SDE,6M + PPO,PPO,M,"Samsung Research India - Delhi

(SRID)",Consumer Electronics,50,15.5,,,
8.62,CO,SDE,6M + PPO,PPO,M,"Samsung Research India - Noida

(SRIN)",Event Management,45,15.5,"45K pm 

15.5 lpa",4,Software role
8.91,SE,SDE,6M + PPO,PPO,M,"Samsung Research India - Noida

(SRIN)",Event Management,45,15.5,,,
8.46,ECE,Core,6M + PPO,PPO,M,"Samsung Research India - Noida

(SRIN)",Event Management,45,15.5,,,Hardware role
8.47,ECE,Core,6M + PPO,PPO,M,"Samsung Research India - Noida

(SRIN)",Event Management,45,15.5,,,
7.21,CO,SDE,FTE,Full-time,M,Cvent,Financial Services,,15,15 lpa,5,
8.82,CO,SDE,FTE,Full-time,M,Cvent,Financial Services,,15,,,
8.83,CO,SDE,FTE,Full-time,M,Cvent,Financial Services,,15,,,
8.21,IT,SDE,FTE,Full-time,M,Cvent,Financial Services,,15,,,
8.52,IT,SDE,FTE,Full-time,M,Cvent,Financial Services,,15,,,
8,CO,SDE,FTE,Full-time,M,DSP Asset Managers,Technology,,15,15 lpa,1,
8.86,CO,SDE,FTE,Full-time,M,Sirion Labs,Logistics,,15,13.63 lpa base,2,
7.9,CO,SDE,FTE,Full-time,M,Sirion Labs,Logistics,,15,,,
8.57,CO,SDE,FTE,Full-time,M,Ecom Express,Consulting,,15,15 lpa,3,
8.93,CO,SDE,FTE,Full-time,M,Ecom Express,Consulting,,15,,,
8.78,CO,SDE,FTE,Full-time,M,Ecom Express,Consulting,,15,,,
7.96,MCE,SDE,6M + PPO,PPO,M,Ecom Express,Consulting,15,15,,,
8.17,CO,Analyst,FTE,Full-time,M,Thorogood,Financial Services,,14.81,14.81 lpa,4,
8.14,CO,Analyst,FTE,Full-time,M,Thorogood,Financial Services,,14.81,,,
8.26,MCE,Analyst,FTE,Full-time,M,Thorogood,Financial Services,,14.81,,,
8.57,ECE,Analyst,FTE,Full-time,M,Thorogood,Financial Services,,14.81,,,
9.17,IT,SDE,FTE,Full-time,M,Airtel Payments Bank,Technology,,14.75,14.75 lpa,2,
8,SE,SDE,FTE,Full-time,F,Airtel Payments Bank,Technology,,14.75,,,
8.36,CO,SDE,FTE,Full-time,M,InfoEdge,Telecommunications,,14.5,14.5 lpa,5,
8.65,CO,SDE,FTE,Full-time,M,InfoEdge,Telecommunications,,14.5,,,
9.02,IT,SDE,FTE,Full-time,M,InfoEdge,Telecommunications,,14.5,,,
8.79,SE,SDE,FTE,Full-time,M,InfoEdge,Telecommunications,,14.5,,,
7.37,ECE,SDE,FTE,Full-time,M,InfoEdge,Telecommunications,,14.5,,,
7.85,EP,Other,6M + FTE,6M+FTE,M,InfoEdge,Telecommunications,30,14.48,"30K pm
14.48 lpa",1,Technical Product Manager
8.2,CO,SDE,6M + PPO,PPO,M,CIENA,Energy,37.5,14.2,"37.5K pm

14.2 lpa
+
(6L perks & benefits)",8,C/C++ Developer
8.27,CO,SDE,6M + PPO,PPO,M,CIENA,Energy,37.5,14.2,,,
8.75,CO,SDE,6M + PPO,PPO,M,CIENA,Energy,37.5,14.2,,,
9.22,CO,SDE,6M + PPO,PPO,M,CIENA,Energy,37.5,14.2,,,
7.24,IT,SDE,6M + PPO,PPO,M,CIENA,Energy,37.5,14.2,,,
8.99,IT,SDE,6M + PPO,PPO,M,CIENA,Energy,37.5,14.2,,,
8.57,ECE,SDE,6M + PPO,PPO,M,CIENA,Energy,37.5,14.2,,,
8.12,IT,SDE,6M + PPO,PPO,M,CIENA,Energy,37.5,14.2,,,Java Developer
7.23,MCE,Analyst,FTE,Full-time,M,Axxela,Consulting,,14.1,14.1 lpa,4,Trainee Analyst
8.71,MCE,Analyst,FTE,Full-time,M,Axxela,Consulting,,14.1,,,
8.01,BT,Analyst,FTE,Full-time,M,Axxela,Consulting,,14.1,,,
8.68,PE,Analyst,FTE,Full-time,M,Axxela,Consulting,,14.1,,,
8.43,CO,Analyst,6M + PPO,PPO,M,"Bain Capability Network
(BCN)",FMCG,40,14,"40K pm
14 lpa
(9.9 base)",39,
8.01,CO,Analyst,6M + PPO,PPO,M,"Bain Capability Network
(BCN)",FMCG,40,14,,,
8.61,CO,Analyst,6M + PPO,PPO,M,"Bain Capability Network
(BCN)",FMCG,40,14,,,
8.18,CO,Analyst,6M + PPO,PPO,M,"Bain Capability Network
(BCN)",FMCG,40,14,,,
7.57,CO,Analyst,6M + PPO,PPO,F,"Bain Capability Network
(BCN)",FMCG,40,14,,,
8.57,SE,Analyst,6M + PPO,PPO,M,"Bain Capability Network
(BCN)",FMCG,40,14,,,
8.54,MCE,Analyst,6M + PPO,PPO,M,"Bain Capability Network
(BCN)",FMCG,40,14,,,
7.44,ECE,Analyst,6M + PPO,PPO,F,"Bain Capability Network
(BCN)",FMCG,40,14,,,
6.81,EE,Analyst,6M + PPO,PPO,M,"Bain Capability Network
(BCN)",FMCG,40,14,,,
8.07,EE,Analyst,6M + PPO,PPO,M,"Bain Capability Network
(BCN)",FMCG,40,14,,,
7.53,EE,Analyst,6M + PPO,PPO,M,"Bain Capability Network
(BCN)",FMCG,40,14,,,
6.74,EE,Analyst,6M + PPO,PPO,F,"Bain Capability Network
(BCN)",FMCG,40,14,,,
6.19,EE,Analyst,6M + PPO,PPO,M,"Bain Capability Network
(BCN)",FMCG,40,14,,,
8.79,EE,Analyst,6M + PPO,PPO,M,"Bain Capability Network
(BCN)",FMCG,40,14,,,
9.21,EP,Analyst,6M + PPO,PPO,M,"Bain Capability Network
(BCN)",FMCG,40,14,,,
No data,EP,Analyst,6M + PPO,PPO,M,"Bain Capability Network
(BCN)",FMCG,40,14,,,
8.6,EP,Analyst,6M + PPO,PPO,M,"Bain Capability Network
(BCN)",FMCG,40,14,,,
8.64,EP,Analyst,6M + PPO,PPO,M,"Bain Capability Network
(BCN)",FMCG,40,14,,,
8.2,EP,Analyst,6M + PPO,PPO,M,"Bain Capability Network
(BCN)",FMCG,40,14,,,
8.83,ME,Analyst,6M + PPO,PPO,M,"Bain Capability Network
(BCN)",FMCG,40,14,,,
No data,ME,Analyst,6M + PPO,PPO,M,"Bain Capability Network
(BCN)",FMCG,40,14,,,
8.91,ME,Analyst,6M + PPO,PPO,M,"Bain Capability Network
(BCN)",FMCG,40,14,,,
8.58,ME,Analyst,6M + PPO,PPO,M,"Bain Capability Network
(BCN)",FMCG,40,14,,,
8.58,ME,Analyst,6M + PPO,PPO,M,"Bain Capability Network
(BCN)",FMCG,40,14,,,
7.26,ME,Analyst,6M + PPO,PPO,M,"Bain Capability Network
(BCN)",FMCG,40,14,,,
9.21,ME,Analyst,6M + PPO,PPO,M,"Bain Capability Network
(BCN)",FMCG,40,14,,,
9.08,CE,Analyst,6M + PPO,PPO,M,"Bain Capability Network
(BCN)",FMCG,40,14,,,
No data,CE,Analyst,6M + PPO,PPO,M,"Bain Capability Network
(BCN)",FMCG,40,14,,,
7.85,CE,Analyst,6M + PPO,PPO,M,"Bain Capability Network
(BCN)",FMCG,40,14,,,
8.91,AE,Analyst,6M + FTE,6M+FTE,M,"Bain Capability Network
(BCN)",FMCG,40,14,,,
8.83,EN,Analyst,6M + PPO,PPO,M,"Bain Capability Network
(BCN)",FMCG,40,14,,,
8.62,EN,Analyst,6M + PPO,PPO,M,"Bain Capability Network
(BCN)",FMCG,40,14,,,
No data,EN,Analyst,6M + PPO,PPO,M,"Bain Capability Network
(BCN)",FMCG,40,14,,,
8.59,BT,Analyst,6M + PPO,PPO,M,"Bain Capability Network
(BCN)",FMCG,40,14,,,
9.05,PE,Analyst,6M + PPO,PPO,M,"Bain Capability Network
(BCN)",FMCG,40,14,,,
6.93,PE,Analyst,6M + PPO,PPO,M,"Bain Capability Network
(BCN)",FMCG,40,14,,,
9.14,PE,Analyst,6M + PPO,PPO,M,"Bain Capability Network
(BCN)",FMCG,40,14,,,
8.29,PE,Analyst,6M + PPO,PPO,M,"Bain Capability Network
(BCN)",FMCG,40,14,,,
9.26,PE,Analyst,6M + PPO,PPO,M,"Bain Capability Network
(BCN)",FMCG,40,14,,,
8.49,EE,Core,FTE,Full-time,F,ITC,Hospitality,,14,14 lpa,1,
8.69,SE,SDE,6M + PPO,PPO,M,Leena AI,Banking,35,14,"35K pm

14 lpa",4,
8.52,MCE,SDE,6M + PPO,PPO,M,Leena AI,Banking,35,14,,,
8.96,MCE,SDE,6M + PPO,PPO,M,Leena AI,Banking,35,14,,,
8.96,MCE,SDE,6M + PPO,PPO,M,Leena AI,Banking,35,14,,,
7.55,CO,SDE,FTE,Full-time,M,Leena AI,Banking,,14,14 lpa,3,Junior Analyst: Developer - Studio
7.98,MCE,SDE,FTE,Full-time,F,Leena AI,Banking,,14,,,
7.69,ECE,SDE,FTE,Full-time,M,Leena AI,Banking,,14,,,
7.84,IT,SDE,6M + FTE,6M+FTE,M,Restroworks,Insurance,,14,14 lpa,1,MEAN Stack Developer
7.32,CO,SDE,6M + FTE,6M+FTE,M,Advantage Club,Consulting,20,14,10 fixed + 4 ESOP vesting in 4 years,1,
8.38,CO,SDE,FTE,Full-time,M,Baazi Games,Technology,,14,"30K pm
14 lpa
(12 lpa + 2 retention bonus after 1 year)",2,
8.04,CO,SDE,FTE,Full-time,M,Baazi Games,Technology,,14,,,
8.4,CO,SDE,6M + PPO,PPO,M,Baazi Games,Technology,30,14,,1,
8.76,CO,SDE,6M + FTE,6M+FTE,M,Baazi Games,Technology,30,14,,1,
7.96,CO,SDE,6M + PPO,PPO,M,BharatPe,Consulting,50,14,"50K pm
(35K mentioned on Whatsapp 🤔)

10 lpa
14 lpa (post 1st year)",12,Associate Software Development Engineer (ASDE)
8.25,SE,SDE,6M + PPO,PPO,M,BharatPe,Consulting,50,14,,,
7.82,SE,SDE,6M + PPO,PPO,M,BharatPe,Consulting,50,14,,,
8.13,SE,SDE,6M + PPO,PPO,M,BharatPe,Consulting,50,14,,,
8.03,MCE,SDE,6M + PPO,PPO,M,BharatPe,Consulting,50,14,,,
8.6,MCE,SDE,6M + PPO,PPO,M,BharatPe,Consulting,50,14,,,
7.4,MCE,SDE,6M + PPO,PPO,M,BharatPe,Consulting,50,14,,,
7.29,MCE,SDE,6M + PPO,PPO,M,BharatPe,Consulting,50,14,,,
8.36,ECE,SDE,6M + PPO,PPO,M,BharatPe,Consulting,50,14,,,
7.43,ECE,SDE,6M + PPO,PPO,M,BharatPe,Consulting,50,14,,,
7.96,EE,SDE,6M + PPO,PPO,M,BharatPe,Consulting,50,14,,,
8.53,EE,SDE,6M + PPO,PPO,M,BharatPe,Consulting,50,14,,,
No data,CO,SDE,FTE,Full-time,M,Insurance Dekho,Hospitality,,13.75,13.75 lpa,3,
7.88,CO,SDE,FTE,Full-time,M,Insurance Dekho,Hospitality,,13.75,,,
7.7,CO,SDE,FTE,Full-time,M,Insurance Dekho,Hospitality,,13.75,,,
8.01,CO,Analyst,FTE,Full-time,M,ZS Associates,Insurance,,13.66,"40K pm

13.66 lpa",8,Business Technology Solutions Associate
7.66,CO,Analyst,FTE,Full-time,M,ZS Associates,Insurance,,13.66,,,
8.89,IT,Analyst,6M + FTE,6M+FTE,M,ZS Associates,Insurance,40,13.66,,,
8.33,IT,Analyst,FTE,Full-time,M,ZS Associates,Insurance,,13.66,,,
8.59,IT,Analyst,6M + FTE,6M+FTE,M,ZS Associates,Insurance,40,13.66,,,
7.75,MCE,Analyst,FTE,Full-time,M,ZS Associates,Insurance,,13.66,,,
8.03,ECE,Analyst,FTE,Full-time,M,ZS Associates,Insurance,,13.66,,,
8.79,EP,Analyst,6M + FTE,6M+FTE,M,ZS Associates,Insurance,40,13.66,,,
8.4,CO,Analyst,FTE,Full-time,M,ZS Associates,Insurance,,13.66,,18,Decision Analytics Associate
8.5,EE,Analyst,6M + FTE,6M+FTE,M,ZS Associates,Insurance,40,13.66,,,
8.63,EE,Analyst,6M + FTE,6M+FTE,M,ZS Associates,Insurance,40,13.66,,,
8.22,ME,Analyst,FTE,Full-time,M,ZS Associates,Insurance,,13.66,,,
7.78,ME,Analyst,6M + FTE,6M+FTE,M,ZS Associates,Insurance,40,13.66,,,
8.26,ME,Analyst,FTE,Full-time,M,ZS Associates,Insurance,,13.66,,,
7.89,ME,Analyst,FTE,Full-time,M,ZS Associates,Insurance,,13.66,,,
7.9,ME,Analyst,6M + FTE,6M+FTE,M,ZS Associates,Insurance,40,13.66,,,
8.62,ME,Analyst,6M + FTE,6M+FTE,M,ZS Associates,Insurance,40,13.66,,,
8.53,ME,Analyst,6M + FTE,6M+FTE,M,ZS Associates,Insurance,40,13.66,,,
7.29,CE,Analyst,FTE,Full-time,M,ZS Associates,Insurance,,13.66,,,
8.49,CE,Analyst,FTE,Full-time,M,ZS Associates,Insurance,,13.66,,,
7.74,CE,Analyst,6M + FTE,6M+FTE,M,ZS Associates,Insurance,40,13.66,,,
8.01,AE,Analyst,FTE,Full-time,M,ZS Associates,Insurance,,13.66,,,
8.41,AE,Analyst,6M + FTE,6M+FTE,M,ZS Associates,Insurance,40,13.66,,,
8.7,AE,Analyst,6M + FTE,6M+FTE,M,ZS Associates,Insurance,40,13.66,,,
8.49,CH,Analyst,FTE,Full-time,F,ZS Associates,Insurance,,13.66,,,
7.93,PE,Analyst,FTE,Full-time,M,ZS Associates,Insurance,,13.66,,,
8.08,CO,Analyst,6M + FTE,6M+FTE,M,ZS Associates,Insurance,40,13.66,,3,DAA (Campus Beats Program)
7.52,ECE,Analyst,6M + FTE,6M+FTE,M,ZS Associates,Insurance,40,13.66,,,
8.48,ME,Analyst,FTE,Full-time,M,ZS Associates,Insurance,,13.66,,,
8.52,CO,Analyst,FTE,Full-time,M,Oracle,Aviation,,13.54,10.54 + 3 lpa,6,"Customer Success Services
(Technical Analyst)"
9.72,EE,Analyst,FTE,Full-time,M,Oracle,Aviation,,13.54,,,
7.46,EE,Analyst,FTE,Full-time,M,Oracle,Aviation,,13.54,,,
8.62,EE,Analyst,FTE,Full-time,M,Oracle,Aviation,,13.54,,,
8.28,EP,Analyst,FTE,Full-time,M,Oracle,Aviation,,13.54,,,
8.62,IT,Analyst,FTE,Full-time,M,Oracle,Aviation,,13.54,,,
8.34,IT,SDE,FTE,Full-time,F,Natwest Group,Telecommunications,,13.5,13 lpa / 14 lpa,4,
9.24,SE,SDE,FTE,Full-time,M,Natwest Group,Telecommunications,,13.5,,,
8.3,SE,SDE,FTE,Full-time,F,Natwest Group,Telecommunications,,13.5,,,
9.37,MCE,SDE,FTE,Full-time,M,Natwest Group,Telecommunications,,13.5,,,
No data,ECE,Analyst,6M + PPO,PPO,M,Futures First,Market Research,40,13.38,"40K pm
13.38 lpa",4,Markets Analyst
No data,EE,Analyst,6M + PPO,PPO,M,Futures First,Market Research,40,13.38,,,
7.71,ME,Analyst,6M + PPO,PPO,M,Futures First,Market Research,40,13.38,,,
8.32,ME,Analyst,6M + PPO,PPO,M,Futures First,Market Research,40,13.38,,,
8.1,ME,Analyst,FTE,Full-time,M,Samagra,Consulting,,13,13 lpa,2,Associate
9.49,CH,Analyst,FTE,Full-time,M,Samagra,Consulting,,13,,,
8.74,SE,Other,FTE,Full-time,M,Samagra,Consulting,,13,,1,UI / UX
8.97,PE,Analyst,FTE,Full-time,M,GDi Partners,Hospitality,,13,10 lpa base,1,12 - 13 lpa CTC
6.84,CO,SDE,FTE,Full-time,M,IndiGo,Insurance,,13,11-13 lpa (10 base),3,Full Stack Developer
No data,SE,SDE,FTE,Full-time,F,IndiGo,Insurance,,13,,,
8.35,MCE,SDE,FTE,Full-time,F,IndiGo,Insurance,,13,,,
8.35,IT,Data Science,FTE,Full-time,M,IndiGo,Insurance,,13,12-13 lpa (10 base),1,Data Scientist
8.37,MCE,,FTE,Full-time,M,IndiGo,Insurance,,13,11-13 lpa (10 base),4,InterGlobe Aviation Limited (IAL)
6.36,MCE,,FTE,Full-time,M,IndiGo,Insurance,,13,,,
5.67,EE,,FTE,Full-time,M,IndiGo,Insurance,,13,,,
7.15,BT,,FTE,Full-time,M,IndiGo,Insurance,,13,,,
No data,IT,,FTE,Full-time,M,Telecommunications Consultants India Ltd. (TCIL),Online Services,,13,13 lpa,1,
9.31,PE,Analyst,6M + PPO,PPO,M,Viscadia,Digital Media,50,12.9,"50K pm 
11.4 lpa + 75K benefits",1,
8.23,CO,SDE,FTE,Full-time,M,DunnHumby,Telecommunications,,12.63,"12.61 lpa
(9.5 lpa base)",2,
8.14,SE,SDE,FTE,Full-time,M,DunnHumby,Telecommunications,,12.63,,,
6.98,EN,Other,6M + FTE,6M+FTE,M,"EY GDS
(CCaSS)",Software,21,12.6,"21K pm

12.6 lpa
(12 base)",6,"Global Delivery Services
(Climate Change and Sustainability Services)
Staff"
8.8,EN,Other,6M + FTE,6M+FTE,M,"EY GDS
(CCaSS)",Software,21,12.6,,,
8.07,EN,Other,6M + FTE,6M+FTE,M,"EY GDS
(CCaSS)",Software,21,12.6,,,
7.05,EN,Other,6M + FTE,6M+FTE,M,"EY GDS
(CCaSS)",Software,21,12.6,,,
7.54,EN,Other,6M + FTE,6M+FTE,M,"EY GDS
(CCaSS)",Software,21,12.6,,,
No data,EN,Other,6M + FTE,6M+FTE,F,"EY GDS
(CCaSS)",Software,21,12.6,,,
8.2,CO,SDE,6M + FTE,6M+FTE,M,Oyo,Consulting,50,12.5,"50K pm

12.5 lpa",6,Associate Software Development Engineer
8.51,SE,SDE,6M + FTE,6M+FTE,M,Oyo,Consulting,50,12.5,,,
8.94,SE,SDE,6M + FTE,6M+FTE,M,Oyo,Consulting,50,12.5,,,
8.6,SE,SDE,6M + FTE,6M+FTE,M,Oyo,Consulting,50,12.5,,,
8.34,SE,SDE,6M + FTE,6M+FTE,M,Oyo,Consulting,50,12.5,,,
9.21,SE,SDE,6M + FTE,6M+FTE,M,Oyo,Consulting,50,12.5,,,
8.69,CO,SDE,6M + PPO,PPO,M,PolicyBazaar,Renewable Energy,40,12,"40K pm
12 lpa",8,
8.62,CO,SDE,6M + PPO,PPO,M,PolicyBazaar,Renewable Energy,40,12,,,
9.28,IT,SDE,6M + PPO,PPO,M,PolicyBazaar,Renewable Energy,40,12,,,
9.01,SE,SDE,6M + PPO,PPO,F,PolicyBazaar,Renewable Energy,40,12,,,
8.83,MCE,SDE,6M + PPO,PPO,M,PolicyBazaar,Renewable Energy,40,12,,,
8.61,ECE,SDE,6M + PPO,PPO,M,PolicyBazaar,Renewable Energy,40,12,,,
9.14,ECE,SDE,6M + PPO,PPO,M,PolicyBazaar,Renewable Energy,40,12,,,
8.51,AE,SDE,6M + PPO,PPO,M,PolicyBazaar,Renewable Energy,40,12,,,
8.14,CO,Analyst,6M + PPO,PPO,M,PolicyBazaar,Renewable Energy,38,12,10 lpa fixed + 2 retention bonus,3,Business Analyst
8.48,MCE,Analyst,6M + PPO,PPO,M,PolicyBazaar,Renewable Energy,38,12,,,
8.14,MCE,Analyst,6M + PPO,PPO,M,PolicyBazaar,Renewable Energy,38,12,,,
8.11,IT,SDE,6M + PPO,PPO,M,Infollion,Technology,30,12,"30K pm
12 lpa",2,
7.38,MCE,SDE,6M + PPO,PPO,M,Infollion,Technology,30,12,,,
7.68,CO,SDE,6M + FTE,6M+FTE,M,PayTM,Real Estate,25,12,"25K pm

12 lpa",36,
8.66,CO,SDE,6M + FTE,6M+FTE,M,PayTM,Real Estate,25,12,,,
7.12,CO,SDE,6M + FTE,6M+FTE,M,PayTM,Real Estate,25,12,,,
8.35,CO,SDE,6M + FTE,6M+FTE,M,PayTM,Real Estate,25,12,,,
8.83,CO,SDE,6M + FTE,6M+FTE,M,PayTM,Real Estate,25,12,,,
8.31,CO,SDE,6M + FTE,6M+FTE,M,PayTM,Real Estate,25,12,,,
8.18,CO,SDE,6M + FTE,6M+FTE,M,PayTM,Real Estate,25,12,,,
8.08,CO,SDE,6M + FTE,6M+FTE,M,PayTM,Real Estate,25,12,,,
8.39,CO,SDE,6M + FTE,6M+FTE,M,PayTM,Real Estate,25,12,,,
8.13,CO,SDE,6M + FTE,6M+FTE,M,PayTM,Real Estate,25,12,,,
9.05,CO,SDE,6M + FTE,6M+FTE,M,PayTM,Real Estate,25,12,,,
8.74,CO,SDE,6M + FTE,6M+FTE,M,PayTM,Real Estate,25,12,,,
8.86,CO,SDE,6M + FTE,6M+FTE,M,PayTM,Real Estate,25,12,,,
7.45,CO,SDE,6M + FTE,6M+FTE,M,PayTM,Real Estate,25,12,,,
7.16,IT,SDE,6M + FTE,6M+FTE,M,PayTM,Real Estate,25,12,,,
8,IT,SDE,6M + FTE,6M+FTE,M,PayTM,Real Estate,25,12,,,
8.05,IT,SDE,6M + FTE,6M+FTE,M,PayTM,Real Estate,25,12,,,
9.04,IT,SDE,6M + FTE,6M+FTE,M,PayTM,Real Estate,25,12,,,
8.81,IT,SDE,6M + FTE,6M+FTE,M,PayTM,Real Estate,25,12,,,
No data,IT,SDE,6M + FTE,6M+FTE,M,PayTM,Real Estate,25,12,,,
8.71,IT,SDE,6M + FTE,6M+FTE,M,PayTM,Real Estate,25,12,,,
8.06,IT,SDE,6M + FTE,6M+FTE,M,PayTM,Real Estate,25,12,,,
7.13,IT,SDE,6M + FTE,6M+FTE,M,PayTM,Real Estate,25,12,,,
8.4,IT,SDE,6M + FTE,6M+FTE,M,PayTM,Real Estate,25,12,,,
8.91,IT,SDE,6M + FTE,6M+FTE,M,PayTM,Real Estate,25,12,,,
8.44,SE,SDE,6M + FTE,6M+FTE,M,PayTM,Real Estate,25,12,,,
8.32,SE,SDE,6M + FTE,6M+FTE,M,PayTM,Real Estate,25,12,,,
8.88,SE,SDE,6M + FTE,6M+FTE,M,PayTM,Real Estate,25,12,,,
9.07,SE,SDE,6M + FTE,6M+FTE,M,PayTM,Real Estate,25,12,,,
7.34,MCE,SDE,6M + FTE,6M+FTE,M,PayTM,Real Estate,25,12,,,
7.61,MCE,SDE,6M + FTE,6M+FTE,M,PayTM,Real Estate,25,12,,,
8.82,MCE,SDE,6M + FTE,6M+FTE,M,PayTM,Real Estate,25,12,,,
8.51,MCE,SDE,6M + FTE,6M+FTE,M,PayTM,Real Estate,25,12,,,
8.41,ECE,SDE,6M + FTE,6M+FTE,M,PayTM,Real Estate,25,12,,,
8.32,ECE,SDE,6M + FTE,6M+FTE,M,PayTM,Real Estate,25,12,,,
8.3,ECE,SDE,6M + FTE,6M+FTE,M,PayTM,Real Estate,25,12,,,
8.6,CO,Other,6M + PPO,PPO,M,Nation With Namo,Technology,50,12,10.2 lpa fixed,1,
7.62,CO,SDE,FTE,Full-time,M,Amdocs,Consulting,,12,12 lpa ,18,
No data,CO,SDE,FTE,Full-time,M,Amdocs,Consulting,,12,,,
8.06,CO,SDE,FTE,Full-time,M,Amdocs,Consulting,,12,,,
7.41,CO,SDE,FTE,Full-time,M,Amdocs,Consulting,,12,,,
7.51,CO,SDE,FTE,Full-time,M,Amdocs,Consulting,,12,,,
9.09,CO,SDE,FTE,Full-time,M,Amdocs,Consulting,,12,,,
8.47,CO,SDE,FTE,Full-time,M,Amdocs,Consulting,,12,,,
8.06,IT,SDE,FTE,Full-time,M,Amdocs,Consulting,,12,,,
8.48,IT,SDE,FTE,Full-time,M,Amdocs,Consulting,,12,,,
8.11,SE,SDE,FTE,Full-time,M,Amdocs,Consulting,,12,,,
7.7,SE,SDE,FTE,Full-time,M,Amdocs,Consulting,,12,,,
8.29,SE,SDE,FTE,Full-time,M,Amdocs,Consulting,,12,,,
7.28,MCE,SDE,FTE,Full-time,M,Amdocs,Consulting,,12,,,
7.56,MCE,SDE,FTE,Full-time,M,Amdocs,Consulting,,12,,,
8.44,ECE,SDE,FTE,Full-time,M,Amdocs,Consulting,,12,,,
7.78,ECE,SDE,FTE,Full-time,M,Amdocs,Consulting,,12,,,
7.89,ECE,SDE,FTE,Full-time,M,Amdocs,Consulting,,12,,,
6.54,ECE,SDE,FTE,Full-time,M,Amdocs,Consulting,,12,,,
8.81,EP,SDE,6M + PPO,PPO,M,SITG,Technology,25,12,"20-25 K pm
10-12 lpa",1,
8.1,CO,Analyst,FTE,Full-time,M,Avalon Consulting,Consulting,,12,10 (fixed) + 2 (variable),3,Associate Consultant
8.59,ME,Analyst,FTE,Full-time,M,Avalon Consulting,Consulting,,12,,,
8.46,EP,Analyst,FTE,Full-time,M,Avalon Consulting,Consulting,,12,,,
8.43,EE,Core,FTE,Full-time,M,Sunsure Energy,Management Consulting,,12,CTC : 12 lpa,5,
7.26,EE,Core,FTE,Full-time,M,Sunsure Energy,Management Consulting,,12,,,
8.79,EE,Core,FTE,Full-time,M,Sunsure Energy,Management Consulting,,12,,,
No data,CE,Core,FTE,Full-time,M,Sunsure Energy,Management Consulting,,12,,,
8.65,EN,Core,FTE,Full-time,M,Sunsure Energy,Management Consulting,,12,,,
7.86,MCE,SDE,6M + PPO,PPO,M,GoodSpace AI,Consulting,40,12,"40K pm
12 lpa",2,
7.79,EE,SDE,6M + PPO,PPO,M,GoodSpace AI,Consulting,40,12,,,
7.2,CE,Core,FTE,Full-time,M,Godrej,Automobile,,12,12 lpa,3,Senior Executive - Civil Execution
7.47,CE,Core,FTE,Full-time,M,Godrej,Automobile,,12,,,
No data,CE,Core,FTE,Full-time,F,Godrej,Automobile,,12,,,
7.98,CO,SDE,FTE,Full-time,M,MagicBricks,Insurance,,12,"9 base +
2 joining bonus (24 month clawback period)",6,
8.36,CO,SDE,FTE,Full-time,M,MagicBricks,Insurance,,12,,,
7.46,IT,SDE,FTE,Full-time,M,MagicBricks,Insurance,,12,,,
8.35,IT,SDE,FTE,Full-time,M,MagicBricks,Insurance,,12,,,
8.49,SE,SDE,FTE,Full-time,M,MagicBricks,Insurance,,12,,,
7.69,MCE,SDE,FTE,Full-time,M,MagicBricks,Insurance,,12,,,
7.35,MCE,SDE,6M + PPO,PPO,M,E2E Networks,Automobile,50,12,"50K pm
9 - 12 lpa (fixed)",3,
8.23,MCE,SDE,6M + PPO,PPO,M,E2E Networks,Automobile,50,12,,,
8.17,MCE,SDE,6M + PPO,PPO,M,E2E Networks,Automobile,50,12,,,
No data,CO,Analyst,6M + FTE,6M+FTE,M,McKinsey,Technology,75,12,"75K pm
12 lpa",4,Jr. Software Delivery Analyst Role (Data)
8.36,CO,Analyst,6M + FTE,6M+FTE,M,McKinsey,Technology,75,12,,,
7.67,IT,Analyst,6M + FTE,6M+FTE,M,McKinsey,Technology,75,12,,,
8.58,SE,Analyst,6M + FTE,6M+FTE,M,McKinsey,Technology,75,12,,,
8.46,SE,Analyst,FTE,Full-time,M,Blue Matter Consulting,Banking,,11.94,"11.94 lpa
(10 lpa base)",8,
8.72,ME,Analyst,FTE,Full-time,M,Blue Matter Consulting,Banking,,11.94,,,
8.16,ME,Analyst,FTE,Full-time,M,Blue Matter Consulting,Banking,,11.94,,,
8.43,ME,Analyst,FTE,Full-time,M,Blue Matter Consulting,Banking,,11.94,,,
No data,ME,Analyst,FTE,Full-time,M,Blue Matter Consulting,Banking,,11.94,,,
8.97,CE,Analyst,FTE,Full-time,M,Blue Matter Consulting,Banking,,11.94,,,
8.39,CH,Analyst,FTE,Full-time,M,Blue Matter Consulting,Banking,,11.94,,,
8.95,CH,Analyst,FTE,Full-time,M,Blue Matter Consulting,Banking,,11.94,,,
8.47,CO,SDE,PPO,PPO,M,Accenture,Banking,,11.89,11.89 lpa,6,Advance Application Engineering Analyst
9.07,CO,SDE,PPO,PPO,M,Accenture,Banking,,11.89,,,
8.85,CO,SDE,PPO,PPO,M,Accenture,Banking,,11.89,,,
8.68,CO,SDE,PPO,PPO,M,Accenture,Banking,,11.89,,,
7.63,EE,SDE,PPO,PPO,M,Accenture,Banking,,11.89,,,
8.42,EE,SDE,PPO,PPO,M,Accenture,Banking,,11.89,,,
8.54,EE,SDE,FTE,Full-time,M,Accenture,Banking,,11.89,11.89 lpa,2,Advanced Application Engineer Analyst
7.96,PE,SDE,FTE,Full-time,M,Accenture,Banking,,11.89,,,
8.24,SE,Analyst,FTE,Full-time,M,Niva Bupa,Telecommunications,,11.5,11.5 lpa,4,
8.39,EE,Analyst,FTE,Full-time,M,Niva Bupa,Telecommunications,,11.5,,,
9.21,EP,Analyst,FTE,Full-time,M,Niva Bupa,Telecommunications,,11.5,,,
7.87,CE,Analyst,FTE,Full-time,M,Niva Bupa,Telecommunications,,11.5,,,
8.41,CO,Core,FTE,Full-time,M,Hero Motorcorp,Consulting,,11.5,11.5 lpa,7,
8.86,SE,Core,FTE,Full-time,M,Hero Motorcorp,Consulting,,11.5,,,
8.65,EE,Core,FTE,Full-time,M,Hero Motorcorp,Consulting,,11.5,,,
8.83,ME,Core,FTE,Full-time,M,Hero Motorcorp,Consulting,,11.5,,,
9.7,ME,Core,FTE,Full-time,M,Hero Motorcorp,Consulting,,11.5,,,
8.55,ME,Core,FTE,Full-time,M,Hero Motorcorp,Consulting,,11.5,,,
No data,ME,Core,FTE,Full-time,M,Hero Motorcorp,Consulting,,11.5,,,
7.54,IT,Analyst,FTE,Full-time,M,Everest,Technology,,11.1,11.1 lpa,5,
7.81,MCE,Analyst,FTE,Full-time,M,Everest,Technology,,11.1,,,
8.47,ME,Analyst,FTE,Full-time,M,Everest,Technology,,11.1,,,
7.92,CE,Analyst,FTE,Full-time,M,Everest,Technology,,11.1,,,
7.97,CH,Analyst,FTE,Full-time,M,Everest,Technology,,11.1,,,
8.02,EE,SDE,FTE,Full-time,M,FNZ,Automobile,,11,11 lpa,7,Junior Analyst: Testing
7.74,EE,SDE,FTE,Full-time,M,FNZ,Automobile,,11,,,
8.99,EE,SDE,FTE,Full-time,M,FNZ,Automobile,,11,,,
8.73,EP,SDE,FTE,Full-time,M,FNZ,Automobile,,11,,,
8.75,PE,SDE,FTE,Full-time,M,FNZ,Automobile,,11,,,
7.84,AE,SDE,FTE,Full-time,M,FNZ,Automobile,,11,,,
No data,BT,SDE,FTE,Full-time,F,FNZ,Automobile,,11,,,
9.19,ME,Analyst,6M + FTE,6M+FTE,M,FNZ,Automobile,40,11,10.5 lpa base + 50K joining bonus,2,Business Analyst
8.88,CH,Analyst,6M + FTE,6M+FTE,M,FNZ,Automobile,40,11,,,
8.11,SE,,FTE,Full-time,M,National Australia Bank (NAB),Telecommunications,,11,11 lpa,12,
8.46,MCE,,FTE,Full-time,M,National Australia Bank (NAB),Telecommunications,,11,,,
8.72,MCE,,FTE,Full-time,M,National Australia Bank (NAB),Telecommunications,,11,,,
8.12,MCE,,FTE,Full-time,M,National Australia Bank (NAB),Telecommunications,,11,,,
7.68,ECE,,FTE,Full-time,M,National Australia Bank (NAB),Telecommunications,,11,,,
7.19,ECE,,FTE,Full-time,M,National Australia Bank (NAB),Telecommunications,,11,,,
8.22,ECE,,FTE,Full-time,M,National Australia Bank (NAB),Telecommunications,,11,,,
8.55,EE,,FTE,Full-time,M,National Australia Bank (NAB),Telecommunications,,11,,,
9.29,EP,,FTE,Full-time,M,National Australia Bank (NAB),Telecommunications,,11,,,
7.57,EP,,FTE,Full-time,M,National Australia Bank (NAB),Telecommunications,,11,,,
8.46,EP,,FTE,Full-time,F,National Australia Bank (NAB),Telecommunications,,11,,,
8.09,AE,,FTE,Full-time,M,National Australia Bank (NAB),Telecommunications,,11,,,
8.1,ME,Core,6M + FTE,6M+FTE,M,National Australia Bank (NAB),Telecommunications,45,10.75,45K pm + 10.75 lpa,2,
7.59,ME,Core,6M + FTE,6M+FTE,M,National Australia Bank (NAB),Telecommunications,45,10.75,,,
7.87,ME,Core,PPO,PPO,M,Reliance,Consulting,,10.5,7.5 lpa (fixed) + 3L (retention bonus - 2 yrs)),1,
7.51,SE,SDE,6M + FTE,6M+FTE,M,Micron,Background Verification,,10.4,10.4 lpa,1,Enterprise Application
7.43,CO,SDE,FTE,Full-time,M,Maruti Suzuki,Automobile,,10.14,10.14 lpa,18,Graduate Engineer Trainee
7.64,CO,SDE,FTE,Full-time,M,Maruti Suzuki,Automobile,,10.14,,,
7.82,CO,SDE,FTE,Full-time,M,Maruti Suzuki,Automobile,,10.14,,,
7.25,CO,SDE,FTE,Full-time,M,Maruti Suzuki,Automobile,,10.14,,,
7.2,CO,SDE,FTE,Full-time,M,Maruti Suzuki,Automobile,,10.14,,,
7.98,CO,SDE,FTE,Full-time,M,Maruti Suzuki,Automobile,,10.14,,,
7.08,EE,Core,FTE,Full-time,M,Maruti Suzuki,Automobile,,10.14,,,
8,EE,Core,FTE,Full-time,M,Maruti Suzuki,Automobile,,10.14,,,
9.08,EE,Core,FTE,Full-time,M,Maruti Suzuki,Automobile,,10.14,,,
7.9,ME,Core,FTE,Full-time,M,Maruti Suzuki,Automobile,,10.14,,,
6.68,ME,Core,FTE,Full-time,M,Maruti Suzuki,Automobile,,10.14,,,
9.26,ME,Core,FTE,Full-time,M,Maruti Suzuki,Automobile,,10.14,,,
8.43,ME,Core,FTE,Full-time,M,Maruti Suzuki,Automobile,,10.14,,,
5,ME,Core,FTE,Full-time,M,Maruti Suzuki,Automobile,,10.14,,,
8.49,ME,Core,FTE,Full-time,M,Maruti Suzuki,Automobile,,10.14,,,
9.35,ME,Core,FTE,Full-time,M,Maruti Suzuki,Automobile,,10.14,,,
7.32,ME,Core,FTE,Full-time,M,Maruti Suzuki,Automobile,,10.14,,,
9.08,ME,Core,FTE,Full-time,M,Maruti Suzuki,Automobile,,10.14,,,
8.04,CO,SDE,6M + FTE,6M+FTE,M,Tejas Networks,Consulting,30,10.04,"30K pm
10.04 lpa",2,
7.72,IT,SDE,6M + FTE,6M+FTE,M,Tejas Networks,Consulting,30,10.04,,,
7.79,ECE,Analyst,FTE,Full-time,M,Evalueserve,Recruitment,,10,10 lpa,8,Insights & Advisory Analyst
9.2,EE,Analyst,FTE,Full-time,M,Evalueserve,Recruitment,,10,,,
8.87,ME,Analyst,FTE,Full-time,M,Evalueserve,Recruitment,,10,,,
8.9,ME,Analyst,FTE,Full-time,M,Evalueserve,Recruitment,,10,,,
8.56,EP,Analyst,FTE,Full-time,M,Evalueserve,Recruitment,,10,,,
9.05,CH,Analyst,FTE,Full-time,M,Evalueserve,Recruitment,,10,,,
8.85,CH,Analyst,FTE,Full-time,M,Evalueserve,Recruitment,,10,,,
8.49,CH,Analyst,FTE,Full-time,F,Evalueserve,Recruitment,,10,,,
7.82,IT,SDE,6M + FTE,6M+FTE,M,OnGrid,Food Delivery,25,10,"25K pm
10 lpa",3,
7.79,IT,SDE,6M + FTE,6M+FTE,M,OnGrid,Food Delivery,25,10,,,
7.54,SE,SDE,6M + FTE,6M+FTE,M,OnGrid,Food Delivery,25,10,,,
9.28,CO,Analyst,6M + PPO,PPO,M,Spinny,Banking,40,10,"40K pm

10 lpa",11,Business Analyst
7.64,IT,Analyst,6M + PPO,PPO,M,Spinny,Banking,40,10,,,
8.86,MCE,Analyst,6M + PPO,PPO,M,Spinny,Banking,40,10,,,
8.14,ECE,Analyst,6M + PPO,PPO,M,Spinny,Banking,40,10,,,
8.36,ME,Analyst,6M + PPO,PPO,M,Spinny,Banking,40,10,,,
7.12,ME,Analyst,6M + PPO,PPO,M,Spinny,Banking,40,10,,,
No data,ME,Analyst,6M + PPO,PPO,M,Spinny,Banking,40,10,,,
8.32,ME,Analyst,6M + PPO,PPO,M,Spinny,Banking,40,10,,,
8.1,EP,Analyst,6M + PPO,PPO,M,Spinny,Banking,40,10,,,
8.56,CE,Analyst,6M + PPO,PPO,M,Spinny,Banking,40,10,,,
8.94,CH,Analyst,6M + PPO,PPO,M,Spinny,Banking,40,10,,,
8.85,ME,Analyst,6M + PPO,PPO,M,Spinny,Banking,40,10,,3,Technical Analyst (Vehicle Quality)
8.27,AE,Analyst,6M + PPO,PPO,M,Spinny,Banking,40,10,,,
6.9,AE,Analyst,6M + PPO,PPO,M,Spinny,Banking,40,10,,,
8.49,CO,SDE,6M + FTE,6M+FTE,M,Kanerika Associate,Software,21,10,10 (fixed) + perks,2,
6.87,IT,SDE,6M + FTE,6M+FTE,F,Kanerika Associate,Software,21,10,,,
7.96,CO,SDE,6M + PPO,PPO,M,RnF,Telecommunications,40,10,"40K pm

8 - 10 lpa",3,
8.79,SE,SDE,6M + PPO,PPO,M,RnF,Telecommunications,40,10,,,
7.6,MCE,SDE,6M + PPO,PPO,M,RnF,Telecommunications,40,10,,,
5.05,IT,SDE,6M + PPO,PPO,M,GoGrab,Consulting,18,10,"18K pm
8lpa / 10lpa",2,Software Engineer role
No data,EP,SDE,6M + PPO,PPO,M,GoGrab,Consulting,18,10,,,
8.01,CO,,Intern + FTE,Full-time,F,Macquarie Group,Battery Technology,60,10,"60K pm
9 - 10 lpa (performance based offer)",3,12 month Apperenticeship Program + FTE
7.24,IT,,Intern + FTE,Full-time,F,Macquarie Group,Battery Technology,60,10,,,
7.29,MCE,,Intern + FTE,Full-time,F,Macquarie Group,Battery Technology,60,10,,,
7.05,CO,Data Science,FTE,Full-time,M,Turing,Consulting,,10,10 lpa,2,Data Analyst
7.08,IT,Data Science,FTE,Full-time,M,Turing,Consulting,,10,,,
8.53,SE,SDE,FTE,Full-time,M,Orange Business,Telecommunications,,10,10 lpa,2,
8.01,EE,SDE,FTE,Full-time,M,Orange Business,Telecommunications,,10,,,
No data,IT,SDE,6M + FTE,6M+FTE,M,KPMG,Insurance,30,10,10 lpa,4,AI Software Engineer
6.19,EE,SDE,6M + FTE,6M+FTE,M,KPMG,Insurance,30,10,,,
7.06,EE,SDE,6M + FTE,6M+FTE,M,KPMG,Insurance,30,10,,,
8.42,EP,SDE,6M + FTE,6M+FTE,F,KPMG,Insurance,30,10,,,
8.41,CO,Analyst,6M + PPO,PPO,M,Battery Smart,Technology,25,10,"25K pm
10 lpa",4,Business Analyst
7.98,ME,Analyst,6M + PPO,PPO,M,Battery Smart,Technology,25,10,,,
7.65,EP,Analyst,6M + PPO,PPO,M,Battery Smart,Technology,25,10,,,
8.41,AE,Analyst,6M + PPO,PPO,M,Battery Smart,Technology,25,10,,,
8.29,IT,SDE,FTE,Full-time,M,Cognitio,E-commerce,,9.8,9.8 lpa,2,Data Engineer
8.32,MCE,SDE,FTE,Full-time,M,Cognitio,E-commerce,,9.8,,,
9.12,ME,Analyst,FTE,Full-time,M,Cognitio,E-commerce,,9.8,,3,Data Analyst
9.07,EP,Analyst,FTE,Full-time,M,Cognitio,E-commerce,,9.8,,,
8.68,AE,Analyst,FTE,Full-time,M,Cognitio,E-commerce,,9.8,,,
8.04,CO,SDE,FTE,Full-time,M,Verizon,Consulting,,9.74,"9.74 lpa

7.15 lpa fixed + 71500 variable + 75000 joining bonus + 1.13 lpa stocks",8,
8.32,CO,SDE,FTE,Full-time,M,Verizon,Consulting,,9.74,,,
9.31,CO,SDE,FTE,Full-time,M,Verizon,Consulting,,9.74,,,
7.48,CO,SDE,FTE,Full-time,M,Verizon,Consulting,,9.74,,,
No data,SE,SDE,FTE,Full-time,M,Verizon,Consulting,,9.74,,,
8.38,SE,SDE,FTE,Full-time,M,Verizon,Consulting,,9.74,,,
8.2,SE,SDE,FTE,Full-time,M,Verizon,Consulting,,9.74,,,
7.29,SE,SDE,FTE,Full-time,M,Verizon,Consulting,,9.74,,,
6.74,CE,,FTE,Full-time,M,Verizon,Consulting,,9.56,9.56 lpa,6,
8.71,CE,,FTE,Full-time,M,Verizon,Consulting,,9.56,,,
7.51,CE,,FTE,Full-time,M,Verizon,Consulting,,9.56,,,
7.91,CE,,FTE,Full-time,M,Verizon,Consulting,,9.56,,,
7.4,EN,,FTE,Full-time,M,Verizon,Consulting,,9.56,,,
7.5,EN,,FTE,Full-time,M,Verizon,Consulting,,9.56,,,
No data,CO,SDE,FTE,Full-time,M,Digit Insurance,Consulting,,9.5,"8 - 9.5 lpa (scroll down)
50K relocation benefits
3.5L group medical coverage
21L group term life cover
21L group personal accident cover",3,"Trainee Developer
1 year training period"
8.03,CO,SDE,FTE,Full-time,M,Digit Insurance,Consulting,,9.5,,,
7.42,IT,SDE,FTE,Full-time,M,Digit Insurance,Consulting,,9.5,,,
8.59,CE,Core,Intern + PPO,PPO,M,Structures Online,Technology,25,9.2,"25K pm

9.2 lpa",7,3 month intern + PPO
7.08,CE,Core,Intern + PPO,PPO,M,Structures Online,Technology,25,9.2,,,
8.94,CE,Core,Intern + PPO,PPO,M,Structures Online,Technology,25,9.2,,,
8.49,CE,Core,Intern + PPO,PPO,M,Structures Online,Technology,25,9.2,,,
7.06,CE,Core,Intern + PPO,PPO,M,Structures Online,Technology,25,9.2,,,
No data,CE,Core,Intern + PPO,PPO,M,Structures Online,Technology,25,9.2,,,
8.6,CE,Core,Intern + PPO,PPO,M,Structures Online,Technology,25,9.2,,,
7.8,CO,SDE,Intern + PPO,PPO,M,OLX,Insurance,30,9,9 lpa base + 10% variable pay,5,1 year intern + PPO
7.38,CO,SDE,Intern + PPO,PPO,M,OLX,Insurance,30,9,,,
8.27,CO,SDE,Intern + PPO,PPO,M,OLX,Insurance,30,9,,,
8.29,IT,SDE,Intern + PPO,PPO,M,OLX,Insurance,30,9,,,
9.23,IT,SDE,Intern + PPO,PPO,M,OLX,Insurance,30,9,,,
9.01,CO,Analyst,FTE,Full-time,F,PwC,Education,,9,CTC : 9 lpa,7,
8.65,CO,Analyst,FTE,Full-time,F,PwC,Education,,9,,,
No data,CO,Analyst,FTE,Full-time,M,PwC,Education,,9,,,
7.31,SE,Analyst,FTE,Full-time,F,PwC,Education,,9,,,
6.96,ECE,Analyst,FTE,Full-time,M,PwC,Education,,9,,,
6.32,ECE,Analyst,FTE,Full-time,M,PwC,Education,,9,,,
6.92,EE,Analyst,FTE,Full-time,M,PwC,Education,,9,,,
7.31,EP,Analyst,6M + PPO,PPO,M,GreyOrange,Software,20,9,"20K pm
9 lpa",1,Technical Product Management
8.41,CO,,FTE,Full-time,M,Aaj Entreprises,Training,,9,9 lpa,1,
8.39,CO,SDE,6M + FTE,6M+FTE,M,MAQ Software,Software,25,9,"25K pm

9 lpa (fixed)",8,
8.29,CO,SDE,6M + FTE,6M+FTE,M,MAQ Software,Software,25,9,,,
8.23,CO,SDE,6M + FTE,6M+FTE,M,MAQ Software,Software,25,9,,,
8.22,CO,SDE,6M + FTE,6M+FTE,M,MAQ Software,Software,25,9,,,
9.03,CO,SDE,6M + FTE,6M+FTE,M,MAQ Software,Software,25,9,,,
8.95,CO,SDE,6M + FTE,6M+FTE,M,MAQ Software,Software,25,9,,,
7.89,IT,SDE,6M + FTE,6M+FTE,M,MAQ Software,Software,25,9,,,
8.69,SE,SDE,6M + FTE,6M+FTE,M,MAQ Software,Software,25,9,,,
7.95,IT,Other,6M + FTE,6M+FTE,M,Intellipaat,Insurance,25,9,"25K pm

9 lpa
(5 fixed + 4 performance based incentives)",26,Non-blocking opportunity
6.5,IT,Other,6M + FTE,6M+FTE,M,Intellipaat,Insurance,25,9,,,
7.27,SE,Other,6M + FTE,6M+FTE,M,Intellipaat,Insurance,25,9,,,
5.97,ECE,Other,6M + FTE,6M+FTE,M,Intellipaat,Insurance,25,9,,,
5.94,ECE,Other,6M + FTE,6M+FTE,M,Intellipaat,Insurance,25,9,,,
7.51,ECE,Other,6M + FTE,6M+FTE,M,Intellipaat,Insurance,25,9,,,
6.58,ECE,Other,6M + FTE,6M+FTE,M,Intellipaat,Insurance,25,9,,,
No data,ECE,Other,6M + FTE,6M+FTE,M,Intellipaat,Insurance,25,9,,,
6.99,EE,Other,6M + FTE,6M+FTE,M,Intellipaat,Insurance,25,9,,,
7.11,ME,Other,6M + FTE,6M+FTE,M,Intellipaat,Insurance,25,9,,,
7.22,ME,Other,6M + FTE,6M+FTE,M,Intellipaat,Insurance,25,9,,,
7.62,ME,Other,6M + FTE,6M+FTE,M,Intellipaat,Insurance,25,9,,,
6.86,ME,Other,6M + FTE,6M+FTE,M,Intellipaat,Insurance,25,9,,,
7.83,ME,Other,6M + FTE,6M+FTE,M,Intellipaat,Insurance,25,9,,,
6.11,EP,Other,6M + FTE,6M+FTE,M,Intellipaat,Insurance,25,9,,,
7.24,PE,Other,6M + FTE,6M+FTE,M,Intellipaat,Insurance,25,9,,,
6.09,PE,Other,6M + FTE,6M+FTE,M,Intellipaat,Insurance,25,9,,,
No data,PE,Other,6M + FTE,6M+FTE,F,Intellipaat,Insurance,25,9,,,
No data,EN,Other,6M + FTE,6M+FTE,M,Intellipaat,Insurance,25,9,,,
8.23,CE,Other,6M + FTE,6M+FTE,M,Intellipaat,Insurance,25,9,,,
No data,CE,Other,6M + FTE,6M+FTE,M,Intellipaat,Insurance,25,9,,,
No data,CE,Other,6M + FTE,6M+FTE,M,Intellipaat,Insurance,25,9,,,
8.45,CE,Other,6M + FTE,6M+FTE,M,Intellipaat,Insurance,25,9,,,
5.49,AE,Other,6M + FTE,6M+FTE,M,Intellipaat,Insurance,25,9,,,
8.68,CH,Other,6M + FTE,6M+FTE,M,Intellipaat,Insurance,25,9,,,
No data,CH,Other,6M + FTE,6M+FTE,M,Intellipaat,Insurance,25,9,,,
7.93,CO,SDE,6M + FTE,6M+FTE,M,RxLogix India,Engineering,40,9,"40K pm

9 lpa (base) + other perks",9,
8.18,CO,SDE,6M + FTE,6M+FTE,M,RxLogix India,Engineering,40,9,,,
8.53,CO,SDE,6M + FTE,6M+FTE,M,RxLogix India,Engineering,40,9,,,
8.19,IT,SDE,6M + FTE,6M+FTE,M,RxLogix India,Engineering,40,9,,,
8.44,IT,SDE,6M + FTE,6M+FTE,M,RxLogix India,Engineering,40,9,,,
8.2,MCE,SDE,6M + FTE,6M+FTE,M,RxLogix India,Engineering,40,9,,,
7.54,MCE,SDE,6M + FTE,6M+FTE,M,RxLogix India,Engineering,40,9,,,
7.85,MCE,SDE,6M + FTE,6M+FTE,M,RxLogix India,Engineering,40,9,,,
7.63,MCE,SDE,6M + FTE,6M+FTE,M,RxLogix India,Engineering,40,9,,,
8.41,CO,Analyst,FTE,Full-time,M,"PricewaterhouseCoopers
(PwC)",Aviation,,9,"9 lpa

(7 lpa base)",18,
8.22,CO,Analyst,FTE,Full-time,M,"PricewaterhouseCoopers
(PwC)",Aviation,,9,,,
7.41,CO,Analyst,FTE,Full-time,M,"PricewaterhouseCoopers
(PwC)",Aviation,,9,,,
No data,IT,Analyst,FTE,Full-time,M,"PricewaterhouseCoopers
(PwC)",Aviation,,9,,,
8.39,ECE,Analyst,FTE,Full-time,M,"PricewaterhouseCoopers
(PwC)",Aviation,,9,,,
6.73,ECE,Analyst,FTE,Full-time,M,"PricewaterhouseCoopers
(PwC)",Aviation,,9,,,
No data,ECE,Analyst,FTE,Full-time,M,"PricewaterhouseCoopers
(PwC)",Aviation,,9,,,
7.18,ECE,Analyst,FTE,Full-time,M,"PricewaterhouseCoopers
(PwC)",Aviation,,9,,,
7.19,ECE,Analyst,FTE,Full-time,M,"PricewaterhouseCoopers
(PwC)",Aviation,,9,,,
8.06,EE,Analyst,FTE,Full-time,M,"PricewaterhouseCoopers
(PwC)",Aviation,,9,,,
7.45,EE,Analyst,FTE,Full-time,M,"PricewaterhouseCoopers
(PwC)",Aviation,,9,,,
7.58,EE,Analyst,FTE,Full-time,M,"PricewaterhouseCoopers
(PwC)",Aviation,,9,,,
5.6,EE,Analyst,FTE,Full-time,M,"PricewaterhouseCoopers
(PwC)",Aviation,,9,,,
7.59,EE,Analyst,FTE,Full-time,M,"PricewaterhouseCoopers
(PwC)",Aviation,,9,,,
7.27,EE,Analyst,FTE,Full-time,M,"PricewaterhouseCoopers
(PwC)",Aviation,,9,,,
No data,EE,Analyst,FTE,Full-time,M,"PricewaterhouseCoopers
(PwC)",Aviation,,9,,,
8.93,EE,Analyst,FTE,Full-time,M,"PricewaterhouseCoopers
(PwC)",Aviation,,9,,,
7.48,EE,Analyst,FTE,Full-time,M,"PricewaterhouseCoopers
(PwC)",Aviation,,9,,,
No data,EE,Analyst,6M + PPO,PPO,M,Care Health Insurance,Confectionery,25,8.65,"25K pm
8.65 lpa",3,
7.69,ME,Analyst,6M + PPO,PPO,M,Care Health Insurance,Confectionery,25,8.65,,,
8.11,EN,Analyst,6M + PPO,PPO,M,Care Health Insurance,Confectionery,25,8.65,,,
7.99,CO,SDE,6M + PPO,PPO,M,Care Health Insurance,Confectionery,25,8.65,"25K pm
8.65 lpa",2,
8.1,IT,SDE,6M + PPO,PPO,F,Care Health Insurance,Confectionery,25,8.65,,,
7.6,ECE,Core,FTE,Full-time,M,Samsung Engineering India (SEI),Pharmaceuticals,,8.5,"8.5 lpa

(8.3 lpa fixed + 20K medical insurance)",14,
7.82,EE,Core,FTE,Full-time,M,Samsung Engineering India (SEI),Pharmaceuticals,,8.5,,,
7.52,EE,Core,FTE,Full-time,M,Samsung Engineering India (SEI),Pharmaceuticals,,8.5,,,
7.66,EE,Core,FTE,Full-time,M,Samsung Engineering India (SEI),Pharmaceuticals,,8.5,,,
8.82,ME,Core,FTE,Full-time,M,Samsung Engineering India (SEI),Pharmaceuticals,,8.5,,,
No data,ME,Core,FTE,Full-time,M,Samsung Engineering India (SEI),Pharmaceuticals,,8.5,,,
8.81,ME,Core,FTE,Full-time,M,Samsung Engineering India (SEI),Pharmaceuticals,,8.5,,,
8.83,ME,Core,FTE,Full-time,M,Samsung Engineering India (SEI),Pharmaceuticals,,8.5,,,
7.94,ME,Core,FTE,Full-time,M,Samsung Engineering India (SEI),Pharmaceuticals,,8.5,,,
9.33,ME,Core,FTE,Full-time,M,Samsung Engineering India (SEI),Pharmaceuticals,,8.5,,,
8.75,ME,Core,FTE,Full-time,M,Samsung Engineering India (SEI),Pharmaceuticals,,8.5,,,
8.79,ME,Core,FTE,Full-time,M,Samsung Engineering India (SEI),Pharmaceuticals,,8.5,,,
8.4,ME,Core,FTE,Full-time,M,Samsung Engineering India (SEI),Pharmaceuticals,,8.5,,,
8.94,CE,Core,FTE,Full-time,M,Samsung Engineering India (SEI),Pharmaceuticals,,8.5,,,
8.49,SE,SDE,FTE,Full-time,M,United Airlines,Construction,,8.5,8.5 lpa + benefits,4,Associate Engineer
7.62,ECE,SDE,FTE,Full-time,M,United Airlines,Construction,,8.5,,,
7.63,ECE,SDE,FTE,Full-time,M,United Airlines,Construction,,8.5,,,
9.36,EP,SDE,FTE,Full-time,M,United Airlines,Construction,,8.5,,,
7.3,ECE,Analyst,FTE,Full-time,M,United Airlines,Construction,,8.5,,1,Associate Data Analyst
7.84,CO,SDE,6M + FTE,6M+FTE,M,United Airlines,Construction,25,8.5,"25K pm
8.5 lpa ",2,Associate Engineer
9.24,ECE,SDE,6M + FTE,6M+FTE,M,United Airlines,Construction,25,8.5,,,
8.25,ME,,FTE,Full-time,M,Perfetti Van Melle,Consulting,,8.5,8.5 lpa,1,
7.89,BT,Analyst,FTE,Full-time,M,Syneos Health,Data Analytics,,8.5,,1,
7.58,EE,Core,FTE,Full-time,M,Bechtel,Food & Beverage,,8.2,8.2 lpa,3,
8.22,ME,Core,FTE,Full-time,M,Bechtel,Food & Beverage,,8.2,,,
7.2,ME,Core,FTE,Full-time,M,Bechtel,Food & Beverage,,8.2,,,
7.86,IT,Analyst,FTE,Full-time,M,IQVIA,Artificial Intelligence,,8.03,8.03 lpa,10,
7.73,IT,Analyst,FTE,Full-time,M,IQVIA,Artificial Intelligence,,8.03,,,
8,IT,Analyst,FTE,Full-time,M,IQVIA,Artificial Intelligence,,8.03,,,
No data,IT,Analyst,FTE,Full-time,M,IQVIA,Artificial Intelligence,,8.03,,,
8.06,MCE,Analyst,FTE,Full-time,M,IQVIA,Artificial Intelligence,,8.03,,,
7.43,ECE,Analyst,FTE,Full-time,M,IQVIA,Artificial Intelligence,,8.03,,,
6.77,EP,Analyst,FTE,Full-time,M,IQVIA,Artificial Intelligence,,8.03,,,
7.9,ME,Analyst,FTE,Full-time,M,IQVIA,Artificial Intelligence,,8.03,,,
No data,CE,Analyst,FTE,Full-time,M,IQVIA,Artificial Intelligence,,8.03,,,
7.98,CH,Analyst,FTE,Full-time,M,IQVIA,Artificial Intelligence,,8.03,,,
8.93,ME,Analyst,FTE,Full-time,M,TransOrg Analytics,Banking,,8,8 lpa,2,
7.26,EN,Analyst,FTE,Full-time,M,TransOrg Analytics,Banking,,8,,,
7.8,IT,Analyst,6M + PPO,PPO,M,Yum!,Energy,50,8,"50K pm

8 lpa 
",8,Digital & Technology Intern
8.34,MCE,Analyst,6M + PPO,PPO,M,Yum!,Energy,50,8,,,
7.07,MCE,Analyst,6M + PPO,PPO,M,Yum!,Energy,50,8,,,
6.77,ECE,Analyst,6M + PPO,PPO,M,Yum!,Energy,50,8,,,
7.89,ECE,Analyst,6M + PPO,PPO,M,Yum!,Energy,50,8,,,
7.43,ECE,Analyst,6M + PPO,PPO,M,Yum!,Energy,50,8,,,
8.14,EE,Analyst,6M + PPO,PPO,M,Yum!,Energy,50,8,,,
7.42,EE,Analyst,6M + PPO,PPO,M,Yum!,Energy,50,8,,,
7.14,CE,Analyst,6M + PPO,PPO,M,Algo 8 AI,Consulting,18,8,"18K pm
8 lpa
",1,Business Analyst Intern
7.62,ECE,Analyst,6M + PPO,PPO,M,Algo 8 AI,Consulting,18,8,,1,Strategy & Operation Role
6.31,CO,Analyst,FTE,Full-time,F,Axis Bank,Cybersecurity,,8,8 lpa,2,Digital Banking and Transformation (DBIT)
6.46,AE,Analyst,FTE,Full-time,F,Axis Bank,Cybersecurity,,8,,,
7.3,CO,Analyst,FTE,Full-time,M,Axis Bank,Cybersecurity,,8,,6,Business Intelligence Unit (BIU)
8.51,SE,Analyst,FTE,Full-time,M,Axis Bank,Cybersecurity,,8,,,
7.04,ECE,Analyst,FTE,Full-time,M,Axis Bank,Cybersecurity,,8,,,
7.91,EE,Analyst,FTE,Full-time,M,Axis Bank,Cybersecurity,,8,,,
7.51,EE,Analyst,FTE,Full-time,M,Axis Bank,Cybersecurity,,8,,,
8.13,ME,Analyst,FTE,Full-time,M,Axis Bank,Cybersecurity,,8,,,
7.44,ECE,Embedded,6M + PPO,PPO,M,Axis Bank,Cybersecurity,30,8,8 lpa,2,Embedded
No data,EE,Embedded,6M + PPO,PPO,M,Axis Bank,Cybersecurity,30,8,,,
6.14,IT,,FTE,Full-time,M,JSW Energy,Financial Services,,8,"8 lpa
8.5 + 1.5 (retention bonus annually) after probation period of 12 months",4,
7.95,IT,,FTE,Full-time,M,JSW Energy,Financial Services,,8,,,
8.09,IT,,FTE,Full-time,M,JSW Energy,Financial Services,,8,,,
7.36,IT,,FTE,Full-time,M,JSW Energy,Financial Services,,8,,,
7.34,CO,Analyst,Intern + FTE,Full-time,M,Polestar Solutions & Services,Technology,20,7.8,"20K pm
7.8 lpa

6 lpa (fixed) + 60K (annual performance bonus) + 1 lpa (retention bonus) + 20K (insurance)

2 year payback clause of Rs. 2,00,000",22,"4 month intern + FTE

Cheque of Rs. 2,00,000 towards service agreement to be given at the time of joining which will not be               encashed and will only be kept for security purposes."
6.63,CO,Analyst,Intern + FTE,Full-time,M,Polestar Solutions & Services,Technology,20,7.8,,,
7.32,CO,Analyst,Intern + FTE,Full-time,M,Polestar Solutions & Services,Technology,20,7.8,,,
6.84,ECE,Analyst,Intern + FTE,Full-time,M,Polestar Solutions & Services,Technology,20,7.8,,,
6.69,ECE,Analyst,Intern + FTE,Full-time,M,Polestar Solutions & Services,Technology,20,7.8,,,
7.02,ECE,Analyst,Intern + FTE,Full-time,M,Polestar Solutions & Services,Technology,20,7.8,,,
8.15,ECE,Analyst,Intern + FTE,Full-time,M,Polestar Solutions & Services,Technology,20,7.8,,,
7.9,EE,Analyst,Intern + FTE,Full-time,M,Polestar Solutions & Services,Technology,20,7.8,,,
6.82,EE,Analyst,Intern + FTE,Full-time,M,Polestar Solutions & Services,Technology,20,7.8,,,
5.78,ME,Analyst,Intern + FTE,Full-time,M,Polestar Solutions & Services,Technology,20,7.8,,,
7.04,ME,Analyst,Intern + FTE,Full-time,M,Polestar Solutions & Services,Technology,20,7.8,,,
7.39,ME,Analyst,Intern + FTE,Full-time,M,Polestar Solutions & Services,Technology,20,7.8,,,
7.26,ME,Analyst,Intern + FTE,Full-time,M,Polestar Solutions & Services,Technology,20,7.8,,,
8.36,ME,Analyst,Intern + FTE,Full-time,M,Polestar Solutions & Services,Technology,20,7.8,,,
5.99,ME,Analyst,Intern + FTE,Full-time,M,Polestar Solutions & Services,Technology,20,7.8,,,
6.87,EP,Analyst,Intern + FTE,Full-time,M,Polestar Solutions & Services,Technology,20,7.8,,,
No data,EP,Analyst,Intern + FTE,Full-time,M,Polestar Solutions & Services,Technology,20,7.8,,,
7.84,CE,Analyst,Intern + FTE,Full-time,M,Polestar Solutions & Services,Technology,20,7.8,,,
8.45,CE,Analyst,Intern + FTE,Full-time,M,Polestar Solutions & Services,Technology,20,7.8,,,
7.24,AE,Analyst,Intern + FTE,Full-time,M,Polestar Solutions & Services,Technology,20,7.8,,,
6.18,AE,Analyst,Intern + FTE,Full-time,M,Polestar Solutions & Services,Technology,20,7.8,,,
6.23,BT,Analyst,Intern + FTE,Full-time,M,Polestar Solutions & Services,Technology,20,7.8,,,
5.42,CO,,6M + FTE,6M+FTE,F,Kratikal Tech,Engineering,,7.5,7.5 lpa,1,
7.7,ECE,SDE,FTE,Full-time,M,Sun Life Global Solutions,Heavy Industries,,7.25,7.25 lpa + 10% variable,1,
7.63,ECE,Core,6M + PPO,PPO,M,Samsung Heavy Industries,Consulting,,7.2,CTC: 7.2 LPA,,
8.79,ME,Core,6M + PPO,PPO,M,Samsung Heavy Industries,Consulting,,7.2,,,
9.2,ME,Core,6M + PPO,PPO,M,Samsung Heavy Industries,Consulting,,7.2,,,
9.17,CE,Core,6M + PPO,PPO,M,Samsung Heavy Industries,Consulting,,7.2,,,
7.76,CH,Core,6M + PPO,PPO,M,Samsung Heavy Industries,Consulting,,7.2,,,
7.3,CH,Core,6M + PPO,PPO,M,Samsung Heavy Industries,Consulting,,7.2,,,
7.35,EN,Analyst,6M + PPO,PPO,M,Aumya Consulting Services,Appliances,20,7,,1,Asst. Manager
6.82,CO,SDE,Intern + FTE,Full-time,M,Nagarro,Consulting,,7,7 lpa,2,3 month intern + FTE
7.64,MCE,SDE,Intern + FTE,Full-time,M,Nagarro,Consulting,,7,,,
8.99,ME,Core,FTE,Full-time,M,Midea,Engineering,,7,CTC : 7 lpa,4,
9.01,ME,Core,FTE,Full-time,M,Midea,Engineering,,7,,,
8.41,ME,Core,FTE,Full-time,M,Midea,Engineering,,7,,,
8.79,ME,Core,FTE,Full-time,M,Midea,Engineering,,7,,,
8.19,CO,SDE,FTE,Full-time,M,Midea,Engineering,,7,"UG: 7 lpa
PG: 7.3 lpa",3,TCS Digital
8.16,MCE,SDE,FTE,Full-time,M,Midea,Engineering,,7,,,
7.37,EE,SDE,FTE,Full-time,M,Midea,Engineering,,7,,,
7.5,MCE,Analyst,FTE,Full-time,M,Grand Thornton,Energy,,6.8,"6.8 lpa

(5.5 lpa base)",3,Salesforce
5.94,ECE,Analyst,FTE,Full-time,M,Grand Thornton,Energy,,6.8,,,
8.85,EP,Analyst,FTE,Full-time,M,Grand Thornton,Energy,,6.8,,,
8.12,EE,Analyst,FTE,Full-time,M,Grand Thornton,Energy,,6.8,,2,Oracle
7.91,EP,Analyst,FTE,Full-time,M,Grand Thornton,Energy,,6.8,,,
8,ME,Core,FTE,Full-time,M,Technip Energies,Electric Vehicles,,6.5,6.5 lpa,3,
8.17,CE,Core,FTE,Full-time,M,Technip Energies,Electric Vehicles,,6.5,,,
No data,CH,Core,FTE,Full-time,M,Technip Energies,Electric Vehicles,,6.5,,,
8.54,ECE,Core,6M + FTE,6M+FTE,M,Siemens Energy,Engineering,25,6,"25K pm

6 lpa",5,
8.9,EE,Core,6M + FTE,6M+FTE,M,Siemens Energy,Engineering,25,6,,,
7.79,ME,Core,6M + FTE,6M+FTE,M,Siemens Energy,Engineering,25,6,,,
8.21,ME,Core,6M + FTE,6M+FTE,M,Siemens Energy,Engineering,25,6,,,
7.2,EE,Core,FTE,Full-time,M,Siemens Energy,Engineering,,6,,,
7.08,ME,Core,6M + PPO,PPO,M,Euler Motors,Technology,30,6,6 lpa,3,Mechanical
No data,AE,Core,6M + PPO,PPO,M,Euler Motors,Technology,30,6,,,
No data,AE,Core,6M + PPO,PPO,M,Euler Motors,Technology,30,6,,,
6.46,EE,Core,6M + PPO,PPO,M,Euler Motors,Technology,30,6,6 lpa,1,Electrical
7.55,CE,,FTE,Full-time,M,Larsen & Toubro Limited,Technology,,6,"6 lpa (office based posting)
6.57 lpa (project site based posting)",6,
8.46,CE,,FTE,Full-time,M,Larsen & Toubro Limited,Technology,,6,,,
7.46,ME,,FTE,Full-time,M,Larsen & Toubro Limited,Technology,,6,,,
7.47,ME,,FTE,Full-time,M,Larsen & Toubro Limited,Technology,,6,,,
8.38,ME,,FTE,Full-time,M,Larsen & Toubro Limited,Technology,,6,,,
6.95,ME,,FTE,Full-time,M,Larsen & Toubro Limited,Technology,,6,,,
7.98,CO,SDE,6M + PPO,PPO,M,Infinite Locus,Electronics,,6,6 lpa,2,Full Stack Developer
7.69,MCE,SDE,6M + PPO,PPO,M,Infinite Locus,Electronics,,6,,,
6.44,CO,SDE,Intern + FTE,Full-time,M,Mphasis,Engineering,25,6,"15K - 25K

6 lpa",4,4 month intern + FTE
7.67,EE,SDE,Intern + FTE,Full-time,M,Mphasis,Engineering,25,6,,,
6.5,EE,SDE,Intern + FTE,Full-time,M,Mphasis,Engineering,25,6,,,
7.48,EE,SDE,Intern + FTE,Full-time,M,Mphasis,Engineering,25,6,,,
7.08,EE,Other,FTE,Full-time,M,Keyence,Education,,5.91,6.91 lpa (if relocation),1,Consulting Sales Engineer
8.84,CE,Core,FTE,Full-time,M,AtkinsRealis,Consulting,,5.7,5.7 lpa,1,Graduate Engineer
7.64,CO,Other,6M + PPO,PPO,M,TeachNook,Technology,25,4,"15K + 10K (incentives)

CTC: 4 lpa",48,"Edutech

6 day WFO (Sat & Sun mandatory working)"
6.38,CO,Other,6M + PPO,PPO,M,TeachNook,Technology,25,4,,,
7.42,IT,Other,6M + PPO,PPO,M,TeachNook,Technology,25,4,,,
5.78,SE,Other,6M + PPO,PPO,M,TeachNook,Technology,25,4,,,
6.97,SE,Other,6M + PPO,PPO,M,TeachNook,Technology,25,4,,,
7.55,SE,Other,6M + PPO,PPO,M,TeachNook,Technology,25,4,,,
6.48,MCE,Other,6M + PPO,PPO,M,TeachNook,Technology,25,4,,,
7.11,MCE,Other,6M + PPO,PPO,M,TeachNook,Technology,25,4,,,
6.61,ECE,Other,6M + PPO,PPO,M,TeachNook,Technology,25,4,,,
5.94,ECE,Other,6M + PPO,PPO,M,TeachNook,Technology,25,4,,,
No data,ECE,Other,6M + PPO,PPO,M,TeachNook,Technology,25,4,,,
4.65,ECE,Other,6M + PPO,PPO,M,TeachNook,Technology,25,4,,,
6.46,ECE,Other,6M + PPO,PPO,M,TeachNook,Technology,25,4,,,
6.58,ECE,Other,6M + PPO,PPO,M,TeachNook,Technology,25,4,,,
No data,ECE,Other,6M + PPO,PPO,M,TeachNook,Technology,25,4,,,
6.41,ECE,Other,6M + PPO,PPO,M,TeachNook,Technology,25,4,,,
7.07,ECE,Other,6M + PPO,PPO,M,TeachNook,Technology,25,4,,,
6.79,EE,Other,6M + PPO,PPO,M,TeachNook,Technology,25,4,,,
7.67,EE,Other,6M + PPO,PPO,M,TeachNook,Technology,25,4,,,
6.81,EE,Other,6M + PPO,PPO,M,TeachNook,Technology,25,4,,,
6.85,EE,Other,6M + PPO,PPO,M,TeachNook,Technology,25,4,,,
6.82,EE,Other,6M + PPO,PPO,M,TeachNook,Technology,25,4,,,
6.8,ME,Other,6M + PPO,PPO,M,TeachNook,Technology,25,4,,,
6.63,ME,Other,6M + PPO,PPO,M,TeachNook,Technology,25,4,,,
8.04,ME,Other,6M + PPO,PPO,M,TeachNook,Technology,25,4,,,
6.69,ME,Other,6M + PPO,PPO,M,TeachNook,Technology,25,4,,,
6.71,ME,Other,6M + PPO,PPO,M,TeachNook,Technology,25,4,,,
7.22,ME,Other,6M + PPO,PPO,M,TeachNook,Technology,25,4,,,
6.49,ME,Other,6M + PPO,PPO,M,TeachNook,Technology,25,4,,,
8.69,ME,Other,6M + PPO,PPO,M,TeachNook,Technology,25,4,,,
6.86,ME,Other,6M + PPO,PPO,M,TeachNook,Technology,25,4,,,
7.26,EP,Other,6M + PPO,PPO,M,TeachNook,Technology,25,4,,,
6.96,EP,Other,6M + PPO,PPO,M,TeachNook,Technology,25,4,,,
5.87,PE,Other,6M + PPO,PPO,M,TeachNook,Technology,25,4,,,
7.24,PE,Other,6M + PPO,PPO,M,TeachNook,Technology,25,4,,,
6.09,PE,Other,6M + PPO,PPO,M,TeachNook,Technology,25,4,,,
7.77,PE,Other,6M + PPO,PPO,M,TeachNook,Technology,25,4,,,
7.22,PE,Other,6M + PPO,PPO,M,TeachNook,Technology,25,4,,,
6.47,EN,Other,6M + PPO,PPO,M,TeachNook,Technology,25,4,,,
8.11,EN,Other,6M + PPO,PPO,M,TeachNook,Technology,25,4,,,
No data,EN,Other,6M + PPO,PPO,M,TeachNook,Technology,25,4,,,
No data,EN,Other,6M + PPO,PPO,M,TeachNook,Technology,25,4,,,
8.45,CE,Other,6M + PPO,PPO,M,TeachNook,Technology,25,4,,,
7.93,CE,Other,6M + PPO,PPO,M,TeachNook,Technology,25,4,,,
6.76,AE,Other,6M + PPO,PPO,M,TeachNook,Technology,25,4,,,
6,AE,Other,6M + PPO,PPO,M,TeachNook,Technology,25,4,,,
5.49,AE,Other,6M + PPO,PPO,M,TeachNook,Technology,25,4,,,
6.08,CH,Other,6M + PPO,PPO,M,TeachNook,Technology,25,4,,,
6.26,CO,SDE,FTE,Full-time,M,Cognizant,Consulting,,4,4 lpa,1,GenC
8.18,CO,SDE,FTE,Full-time,M,Infosys,Technology,,3.6,"3.6 lpa

(Non-Blocking)",22,Systems Engineer
7.64,SE,SDE,FTE,Full-time,M,Infosys,Technology,,3.6,,,
8.11,SE,SDE,FTE,Full-time,M,Infosys,Technology,,3.6,,,
7.35,MCE,SDE,FTE,Full-time,M,Infosys,Technology,,3.6,,,
8.6,MCE,SDE,FTE,Full-time,M,Infosys,Technology,,3.6,,,
7.37,MCE,SDE,FTE,Full-time,M,Infosys,Technology,,3.6,,,
7.91,MCE,SDE,FTE,Full-time,M,Infosys,Technology,,3.6,,,
7.63,MCE,SDE,FTE,Full-time,M,Infosys,Technology,,3.6,,,
6.41,MCE,SDE,FTE,Full-time,M,Infosys,Technology,,3.6,,,
6.73,ECE,SDE,FTE,Full-time,M,Infosys,Technology,,3.6,,,
6.61,ECE,SDE,FTE,Full-time,M,Infosys,Technology,,3.6,,,
6.34,ECE,SDE,FTE,Full-time,M,Infosys,Technology,,3.6,,,
7.21,EE,SDE,FTE,Full-time,M,Infosys,Technology,,3.6,,,
6.46,EE,SDE,FTE,Full-time,M,Infosys,Technology,,3.6,,,
7.9,EE,SDE,FTE,Full-time,M,Infosys,Technology,,3.6,,,
5.67,EE,SDE,FTE,Full-time,M,Infosys,Technology,,3.6,,,
7.44,ME,SDE,FTE,Full-time,M,Infosys,Technology,,3.6,,,
6.85,ME,SDE,FTE,Full-time,M,Infosys,Technology,,3.6,,,
7.98,EP,SDE,FTE,Full-time,M,Infosys,Technology,,3.6,,,
7.79,PE,SDE,FTE,Full-time,M,Infosys,Technology,,3.6,,,
8.59,CE,SDE,FTE,Full-time,M,Infosys,Technology,,3.6,,,
6.08,CH,SDE,FTE,Full-time,M,Infosys,Technology,,3.6,,,
6.26,CO,SDE,FTE,Full-time,M,"Tata Consultancy Services
(TCS)",Technology,,3.3,"UG: 3.3 lpa

PG: 3.5 lpa

(Non-Blocking)",15,TCS Ninja
7.21,CO,SDE,FTE,Full-time,M,"Tata Consultancy Services
(TCS)",Technology,,3.3,,,
6.38,CO,SDE,FTE,Full-time,M,"Tata Consultancy Services
(TCS)",Technology,,3.3,,,
6.41,CO,SDE,FTE,Full-time,M,"Tata Consultancy Services
(TCS)",Technology,,3.3,,,
7.27,SE,SDE,FTE,Full-time,M,"Tata Consultancy Services
(TCS)",Technology,,3.3,,,
7.64,SE,SDE,FTE,Full-time,M,"Tata Consultancy Services
(TCS)",Technology,,3.3,,,
7.35,MCE,SDE,FTE,Full-time,M,"Tata Consultancy Services
(TCS)",Technology,,3.3,,,
6.97,MCE,SDE,FTE,Full-time,M,"Tata Consultancy Services
(TCS)",Technology,,3.3,,,
7.51,EE,SDE,FTE,Full-time,M,"Tata Consultancy Services
(TCS)",Technology,,3.3,,,
6.59,EE,SDE,FTE,Full-time,M,"Tata Consultancy Services
(TCS)",Technology,,3.3,,,
8.31,EE,SDE,FTE,Full-time,M,"Tata Consultancy Services
(TCS)",Technology,,3.3,,,
7.52,EE,SDE,FTE,Full-time,M,"Tata Consultancy Services
(TCS)",Technology,,3.3,,,
6.98,ME,SDE,FTE,Full-time,M,"Tata Consultancy Services
(TCS)",Technology,,3.3,,,
No data,EP,SDE,FTE,Full-time,M,"Tata Consultancy Services
(TCS)",Technology,,3.3,,,
8.59,CE,SDE,FTE,Full-time,M,"Tata Consultancy Services
(TCS)",Technology,,3.3,,,
9.23,CO,SDE,Intern + FTE,Full-time,M,Hike,Messaging,50,,50K pm,3,1 year intern + FTE
8.8,IT,SDE,Intern + FTE,Full-time,M,Hike,Messaging,50,,,,
No data,CO,SDE,Intern + FTE,Full-time,M,Hike,Messaging,50,,,,
9.27,CO,SDE,PPO,PPO,M,Arcesium,Financial Services,,,28 lpa *,1,
9.85,CO,SDE,PPO,PPO,F,SLB,Oil & Gas,,,33 lpa*,1,
9.4,CO,SDE,PPO,PPO,M,VISA,Technology,,,,2,
9.5,CO,SDE,PPO,PPO,F,VISA,Technology,,,,,
8.73,CO,SDE,PPO,PPO,M,Wells Fargo,Payments,,,,11,
8.45,CO,SDE,PPO,PPO,F,Wells Fargo,Payments,,,,,
9.06,CO,SDE,PPO,PPO,M,Wells Fargo,Payments,,,,,
8.24,CO,SDE,PPO,PPO,M,Wells Fargo,Payments,,,,,
8.49,CO,SDE,PPO,PPO,M,Wells Fargo,Payments,,,,,
9.5,CO,SDE,PPO,PPO,M,Wells Fargo,Payments,,,,,
9.17,IT,SDE,PPO,PPO,M,Wells Fargo,Payments,,,,,
9.47,IT,SDE,PPO,PPO,M,Wells Fargo,Payments,,,,,
9.26,SE,SDE,PPO,PPO,M,Wells Fargo,Payments,,,,,
9.21,SE,SDE,PPO,PPO,M,Wells Fargo,Payments,,,,,
9.04,MCE,SDE,PPO,PPO,M,Wells Fargo,Payments,,,,,
8.4,CO,SDE,PPO,PPO,F,Citi Bank,Banking,,,,3,
9.42,CO,SDE,PPO,PPO,M,Citi Bank,Banking,,,,,
9.66,IT,SDE,PPO,PPO,M,Citi Bank,Banking,,,,,
9.14,IT,SDE,PPO,PPO,F,PayPal,Payments,,,35 lpa *,2,
9.53,IT,SDE,PPO,PPO,M,PayPal,Payments,,,,,
9.63,SE,SDE,PPO,PPO,M,Atlassian,Technology,,,82 lpa *,2,
8.42,EE,SDE,PPO,PPO,M,Atlassian,Technology,,,,,
8.29,CO,SDE,PPO,PPO,M,Walmart,Retail,,,,1,
9.06,CO,SDE,PPO,PPO,M,DE Shaw,Hedge Fund,,,,1,
7.7,SE,SDE,PPO,PPO,M,Deutsche Bank,Banking,,,,2,
8.14,MCE,SDE,PPO,PPO,M,Deutsche Bank,Banking,,,,,
9.14,SE,SDE,6M + PPO,PPO,M,Probo,Prediction Market,30,,30K pm,1,
No data,IT,SDE,6M + PPO,PPO,M,ST Micro Electronics,Semiconductors,45,,45K pm,1,6M only
